Date,Time,league,source
23/08/2019,11:00,J1 League,https://www.football-data.co.uk/new/JPN.csv
23/08/2019,11:30,J1 League,https://www.football-data.co.uk/new/JPN.csv
23/08/2019,11:30,J1 League,https://www.football-data.co.uk/new/JPN.csv
24/08/2019,05:00,J1 League,https://www.football-data.co.uk/new/JPN.csv
24/08/2019,10:00,J1 League,https://www.football-data.co.uk/new/JPN.csv
24/08/2019,11:00,J1 League,https://www.football-data.co.uk/new/JPN.csv
24/08/2019,11:00,J1 League,https://www.football-data.co.uk/new/JPN.csv
24/08/2019,11:00,J1 League,https://www.football-data.co.uk/new/JPN.csv
24/08/2019,11:00,J1 League,https://www.football-data.co.uk/new/JPN.csv
30/08/2019,11:30,J1 League,https://www.football-data.co.uk/new/JPN.csv
31/08/2019,11:00,J1 League,https://www.football-data.co.uk/new/JPN.csv
31/08/2019,11:00,J1 League,https://www.football-data.co.uk/new/JPN.csv
31/08/2019,11:00,J1 League,https://www.football-data.co.uk/new/JPN.csv
31/08/2019,11:00,J1 League,https://www.football-data.co.uk/new/JPN.csv
31/08/2019,11:30,J1 League,https://www.football-data.co.uk/new/JPN.csv
01/09/2019,10:00,J1 League,https://www.football-data.co.uk/new/JPN.csv
01/09/2019,10:00,J1 League,https://www.football-data.co.uk/new/JPN.csv
01/09/2019,11:00,J1 League,https://www.football-data.co.uk/new/JPN.csv
13/09/2019,11:30,J1 League,https://www.football-data.co.uk/new/JPN.csv
13/09/2019,11:30,J1 League,https://www.football-data.co.uk/new/JPN.csv
14/09/2019,06:00,J1 League,https://www.football-data.co.uk/new/JPN.csv
14/09/2019,10:00,J1 League,https://www.football-data.co.uk/new/JPN.csv
14/09/2019,11:00,J1 League,https://www.football-data.co.uk/new/JPN.csv
14/09/2019,11:00,J1 League,https://www.football-data.co.uk/new/JPN.csv
14/09/2019,11:00,J1 League,https://www.football-data.co.uk/new/JPN.csv
14/09/2019,11:00,J1 League,https://www.football-data.co.uk/new/JPN.csv
14/09/2019,11:00,J1 League,https://www.football-data.co.uk/new/JPN.csv
28/09/2019,06:00,J1 League,https://www.football-data.co.uk/new/JPN.csv
28/09/2019,06:00,J1 League,https://www.football-data.co.uk/new/JPN.csv
28/09/2019,07:00,J1 League,https://www.football-data.co.uk/new/JPN.csv
28/09/2019,09:00,J1 League,https://www.football-data.co.uk/new/JPN.csv
28/09/2019,10:00,J1 League,https://www.football-data.co.uk/new/JPN.csv
28/09/2019,11:00,J1 League,https://www.football-data.co.uk/new/JPN.csv
28/09/2019,11:00,J1 League,https://www.football-data.co.uk/new/JPN.csv
29/09/2019,06:00,J1 League,https://www.football-data.co.uk/new/JPN.csv
29/09/2019,11:00,J1 League,https://www.football-data.co.uk/new/JPN.csv
04/10/2019,11:00,J1 League,https://www.football-data.co.uk/new/JPN.csv
05/10/2019,06:00,J1 League,https://www.football-data.co.uk/new/JPN.csv
05/10/2019,06:00,J1 League,https://www.football-data.co.uk/new/JPN.csv
05/10/2019,06:00,J1 League,https://www.football-data.co.uk/new/JPN.csv
05/10/2019,06:00,J1 League,https://www.football-data.co.uk/new/JPN.csv
05/10/2019,08:00,J1 League,https://www.football-data.co.uk/new/JPN.csv
06/10/2019,07:00,J1 League,https://www.football-data.co.uk/new/JPN.csv
06/10/2019,09:00,J1 League,https://www.football-data.co.uk/new/JPN.csv
06/10/2019,11:00,J1 League,https://www.football-data.co.uk/new/JPN.csv
18/10/2019,11:00,J1 League,https://www.football-data.co.uk/new/JPN.csv
18/10/2019,11:00,J1 League,https://www.football-data.co.uk/new/JPN.csv
18/10/2019,11:30,J1 League,https://www.football-data.co.uk/new/JPN.csv
19/10/2019,05:00,J1 League,https://www.football-data.co.uk/new/JPN.csv
19/10/2019,06:00,J1 League,https://www.football-data.co.uk/new/JPN.csv
19/10/2019,06:00,J1 League,https://www.football-data.co.uk/new/JPN.csv
19/10/2019,06:00,J1 League,https://www.football-data.co.uk/new/JPN.csv
19/10/2019,06:00,J1 League,https://www.football-data.co.uk/new/JPN.csv
19/10/2019,07:00,J1 League,https://www.football-data.co.uk/new/JPN.csv
29/10/2019, 10:00,J1 League,https://www.football-data.co.uk/new/JPN.csv
01/11/2019,10:00,J1 League,https://www.football-data.co.uk/new/JPN.csv
02/11/2019,04:00,J1 League,https://www.football-data.co.uk/new/JPN.csv
02/11/2019,05:00,J1 League,https://www.football-data.co.uk/new/JPN.csv
02/11/2019,05:00,J1 League,https://www.football-data.co.uk/new/JPN.csv
02/11/2019,05:00,J1 League,https://www.football-data.co.uk/new/JPN.csv
02/11/2019,06:00,J1 League,https://www.football-data.co.uk/new/JPN.csv
02/11/2019,06:05,J1 League,https://www.football-data.co.uk/new/JPN.csv
02/11/2019,06:05,J1 League,https://www.football-data.co.uk/new/JPN.csv
03/11/2019,07:00,J1 League,https://www.football-data.co.uk/new/JPN.csv
05/11/2019,09:30,J1 League,https://www.football-data.co.uk/new/JPN.csv
09/11/2019,05:00,J1 League,https://www.football-data.co.uk/new/JPN.csv
09/11/2019,05:00,J1 League,https://www.football-data.co.uk/new/JPN.csv
09/11/2019,05:00,J1 League,https://www.football-data.co.uk/new/JPN.csv
09/11/2019,05:00,J1 League,https://www.football-data.co.uk/new/JPN.csv
09/11/2019,06:00,J1 League,https://www.football-data.co.uk/new/JPN.csv
10/11/2019,04:05,J1 League,https://www.football-data.co.uk/new/JPN.csv
10/11/2019,05:00,J1 League,https://www.football-data.co.uk/new/JPN.csv
10/11/2019,06:00,J1 League,https://www.football-data.co.uk/new/JPN.csv
23/11/2019,04:00,J1 League,https://www.football-data.co.uk/new/JPN.csv
23/11/2019,05:00,J1 League,https://www.football-data.co.uk/new/JPN.csv
23/11/2019,05:00,J1 League,https://www.football-data.co.uk/new/JPN.csv
23/11/2019,05:00,J1 League,https://www.football-data.co.uk/new/JPN.csv
23/11/2019,05:00,J1 League,https://www.football-data.co.uk/new/JPN.csv
23/11/2019,05:00,J1 League,https://www.football-data.co.uk/new/JPN.csv
23/11/2019,05:00,J1 League,https://www.football-data.co.uk/new/JPN.csv
23/11/2019,06:00,J1 League,https://www.football-data.co.uk/new/JPN.csv
30/11/2019,05:00,J1 League,https://www.football-data.co.uk/new/JPN.csv
30/11/2019,05:00,J1 League,https://www.football-data.co.uk/new/JPN.csv
30/11/2019,05:00,J1 League,https://www.football-data.co.uk/new/JPN.csv
30/11/2019,05:00,J1 League,https://www.football-data.co.uk/new/JPN.csv
30/11/2019,05:00,J1 League,https://www.football-data.co.uk/new/JPN.csv
30/11/2019,05:00,J1 League,https://www.football-data.co.uk/new/JPN.csv
30/11/2019,05:00,J1 League,https://www.football-data.co.uk/new/JPN.csv
30/11/2019,05:00,J1 League,https://www.football-data.co.uk/new/JPN.csv
30/11/2019,05:00,J1 League,https://www.football-data.co.uk/new/JPN.csv
01/12/2019,04:05,J1 League,https://www.football-data.co.uk/new/JPN.csv
01/12/2019,04:05,J1 League,https://www.football-data.co.uk/new/JPN.csv
07/12/2019,05:00,J1 League,https://www.football-data.co.uk/new/JPN.csv
07/12/2019,05:00,J1 League,https://www.football-data.co.uk/new/JPN.csv
07/12/2019,05:00,J1 League,https://www.football-data.co.uk/new/JPN.csv
07/12/2019,05:00,J1 League,https://www.football-data.co.uk/new/JPN.csv
07/12/2019,05:00,J1 League,https://www.football-data.co.uk/new/JPN.csv
07/12/2019,05:00,J1 League,https://www.football-data.co.uk/new/JPN.csv
07/12/2019,05:00,J1 League,https://www.football-data.co.uk/new/JPN.csv
07/12/2019,05:00,J1 League,https://www.football-data.co.uk/new/JPN.csv
07/12/2019,05:00,J1 League,https://www.football-data.co.uk/new/JPN.csv
08/12/2019,04:05,J1 League,https://www.football-data.co.uk/new/JPN.csv
14/12/2019,04:00,J1 League,https://www.football-data.co.uk/new/JPN.csv
21/02/2020,10:00,J1 League,https://www.football-data.co.uk/new/JPN.csv
22/02/2020,05:00,J1 League,https://www.football-data.co.uk/new/JPN.csv
22/02/2020,06:00,J1 League,https://www.football-data.co.uk/new/JPN.csv
22/02/2020,06:00,J1 League,https://www.football-data.co.uk/new/JPN.csv
22/02/2020,06:00,J1 League,https://www.football-data.co.uk/new/JPN.csv
23/02/2020,04:00,J1 League,https://www.football-data.co.uk/new/JPN.csv
23/02/2020,05:00,J1 League,https://www.football-data.co.uk/new/JPN.csv
23/02/2020,05:00,J1 League,https://www.football-data.co.uk/new/JPN.csv
23/02/2020,07:00,J1 League,https://www.football-data.co.uk/new/JPN.csv
04/07/2020,10:00,J1 League,https://www.football-data.co.uk/new/JPN.csv
04/07/2020,10:00,J1 League,https://www.football-data.co.uk/new/JPN.csv
04/07/2020,10:00,J1 League,https://www.football-data.co.uk/new/JPN.csv
04/07/2020,10:30,J1 League,https://www.football-data.co.uk/new/JPN.csv
04/07/2020,11:00,J1 League,https://www.football-data.co.uk/new/JPN.csv
04/07/2020,11:00,J1 League,https://www.football-data.co.uk/new/JPN.csv
04/07/2020,11:00,J1 League,https://www.football-data.co.uk/new/JPN.csv
04/07/2020,11:00,J1 League,https://www.football-data.co.uk/new/JPN.csv
04/07/2020,11:30,J1 League,https://www.football-data.co.uk/new/JPN.csv
08/07/2020,10:00,J1 League,https://www.football-data.co.uk/new/JPN.csv
08/07/2020,10:00,J1 League,https://www.football-data.co.uk/new/JPN.csv
08/07/2020,10:30,J1 League,https://www.football-data.co.uk/new/JPN.csv
08/07/2020,11:00,J1 League,https://www.football-data.co.uk/new/JPN.csv
08/07/2020,11:00,J1 League,https://www.football-data.co.uk/new/JPN.csv
08/07/2020,11:00,J1 League,https://www.football-data.co.uk/new/JPN.csv
08/07/2020,11:00,J1 League,https://www.football-data.co.uk/new/JPN.csv
08/07/2020,11:30,J1 League,https://www.football-data.co.uk/new/JPN.csv
08/07/2020,11:30,J1 League,https://www.football-data.co.uk/new/JPN.csv
11/07/2020,11:00,J1 League,https://www.football-data.co.uk/new/JPN.csv
11/07/2020,11:00,J1 League,https://www.football-data.co.uk/new/JPN.csv
12/07/2020,10:00,J1 League,https://www.football-data.co.uk/new/JPN.csv
12/07/2020,10:00,J1 League,https://www.football-data.co.uk/new/JPN.csv
12/07/2020,10:00,J1 League,https://www.football-data.co.uk/new/JPN.csv
12/07/2020,11:00,J1 League,https://www.football-data.co.uk/new/JPN.csv
12/07/2020,11:00,J1 League,https://www.football-data.co.uk/new/JPN.csv
12/07/2020,11:00,J1 League,https://www.football-data.co.uk/new/JPN.csv
12/07/2020,11:30,J1 League,https://www.football-data.co.uk/new/JPN.csv
18/07/2020,10:00,J1 League,https://www.football-data.co.uk/new/JPN.csv
18/07/2020,10:00,J1 League,https://www.football-data.co.uk/new/JPN.csv
18/07/2020,10:00,J1 League,https://www.football-data.co.uk/new/JPN.csv
18/07/2020,10:00,J1 League,https://www.football-data.co.uk/new/JPN.csv
18/07/2020,11:00,J1 League,https://www.football-data.co.uk/new/JPN.csv
18/07/2020,11:00,J1 League,https://www.football-data.co.uk/new/JPN.csv
18/07/2020,11:00,J1 League,https://www.football-data.co.uk/new/JPN.csv
18/07/2020,11:00,J1 League,https://www.football-data.co.uk/new/JPN.csv
18/07/2020,11:00,J1 League,https://www.football-data.co.uk/new/JPN.csv
22/07/2020,11:00,J1 League,https://www.football-data.co.uk/new/JPN.csv
22/07/2020,11:00,J1 League,https://www.football-data.co.uk/new/JPN.csv
22/07/2020,11:00,J1 League,https://www.football-data.co.uk/new/JPN.csv
22/07/2020,11:00,J1 League,https://www.football-data.co.uk/new/JPN.csv
22/07/2020,11:05,J1 League,https://www.football-data.co.uk/new/JPN.csv
22/07/2020,11:30,J1 League,https://www.football-data.co.uk/new/JPN.csv
22/07/2020,11:30,J1 League,https://www.football-data.co.uk/new/JPN.csv
22/07/2020,11:30,J1 League,https://www.football-data.co.uk/new/JPN.csv
22/07/2020,11:30,J1 League,https://www.football-data.co.uk/new/JPN.csv
26/07/2020,05:05,J1 League,https://www.football-data.co.uk/new/JPN.csv
26/07/2020,10:00,J1 League,https://www.football-data.co.uk/new/JPN.csv
26/07/2020,10:00,J1 League,https://www.football-data.co.uk/new/JPN.csv
26/07/2020,10:30,J1 League,https://www.football-data.co.uk/new/JPN.csv
26/07/2020,11:00,J1 League,https://www.football-data.co.uk/new/JPN.csv
26/07/2020,11:00,J1 League,https://www.football-data.co.uk/new/JPN.csv
26/07/2020,11:00,J1 League,https://www.football-data.co.uk/new/JPN.csv
26/07/2020,11:00,J1 League,https://www.football-data.co.uk/new/JPN.csv
01/08/2020,10:00,J1 League,https://www.football-data.co.uk/new/JPN.csv
01/08/2020,10:00,J1 League,https://www.football-data.co.uk/new/JPN.csv
01/08/2020,10:00,J1 League,https://www.football-data.co.uk/new/JPN.csv
01/08/2020,11:00,J1 League,https://www.football-data.co.uk/new/JPN.csv
01/08/2020,11:00,J1 League,https://www.football-data.co.uk/new/JPN.csv
01/08/2020,11:00,J1 League,https://www.football-data.co.uk/new/JPN.csv
01/08/2020,11:00,J1 League,https://www.football-data.co.uk/new/JPN.csv
01/08/2020,11:00,J1 League,https://www.football-data.co.uk/new/JPN.csv
02/08/2020,06:00,J1 League,https://www.football-data.co.uk/new/JPN.csv
08/08/2020,10:00,J1 League,https://www.football-data.co.uk/new/JPN.csv
08/08/2020,10:00,J1 League,https://www.football-data.co.uk/new/JPN.csv
08/08/2020,10:30,J1 League,https://www.football-data.co.uk/new/JPN.csv
08/08/2020,11:00,J1 League,https://www.football-data.co.uk/new/JPN.csv
08/08/2020,11:00,J1 League,https://www.football-data.co.uk/new/JPN.csv
08/08/2020,11:00,J1 League,https://www.football-data.co.uk/new/JPN.csv
08/08/2020,11:00,J1 League,https://www.football-data.co.uk/new/JPN.csv
09/08/2020,10:00,J1 League,https://www.football-data.co.uk/new/JPN.csv
09/08/2020,11:00,J1 League,https://www.football-data.co.uk/new/JPN.csv
15/08/2020,06:00,J1 League,https://www.football-data.co.uk/new/JPN.csv
15/08/2020,10:00,J1 League,https://www.football-data.co.uk/new/JPN.csv
15/08/2020,10:00,J1 League,https://www.football-data.co.uk/new/JPN.csv
15/08/2020,10:30,J1 League,https://www.football-data.co.uk/new/JPN.csv
15/08/2020,11:00,J1 League,https://www.football-data.co.uk/new/JPN.csv
15/08/2020,11:00,J1 League,https://www.football-data.co.uk/new/JPN.csv
15/08/2020,11:00,J1 League,https://www.football-data.co.uk/new/JPN.csv
16/08/2020,10:30,J1 League,https://www.football-data.co.uk/new/JPN.csv
19/08/2020,11:00,J1 League,https://www.football-data.co.uk/new/JPN.csv
19/08/2020,11:00,J1 League,https://www.football-data.co.uk/new/JPN.csv
19/08/2020,11:00,J1 League,https://www.football-data.co.uk/new/JPN.csv
19/08/2020,11:00,J1 League,https://www.football-data.co.uk/new/JPN.csv
19/08/2020,11:00,J1 League,https://www.football-data.co.uk/new/JPN.csv
19/08/2020,11:00,J1 League,https://www.football-data.co.uk/new/JPN.csv
19/08/2020,11:00,J1 League,https://www.football-data.co.uk/new/JPN.csv
19/08/2020,11:30,J1 League,https://www.football-data.co.uk/new/JPN.csv
22/08/2020,10:00,J1 League,https://www.football-data.co.uk/new/JPN.csv
23/08/2020,10:00,J1 League,https://www.football-data.co.uk/new/JPN.csv
23/08/2020,11:00,J1 League,https://www.football-data.co.uk/new/JPN.csv
23/08/2020,11:00,J1 League,https://www.football-data.co.uk/new/JPN.csv
23/08/2020,11:00,J1 League,https://www.football-data.co.uk/new/JPN.csv
23/08/2020,11:00,J1 League,https://www.football-data.co.uk/new/JPN.csv
23/08/2020,11:00,J1 League,https://www.football-data.co.uk/new/JPN.csv
23/08/2020,11:00,J1 League,https://www.football-data.co.uk/new/JPN.csv
26/08/2020,11:00,J1 League,https://www.football-data.co.uk/new/JPN.csv
26/08/2020,11:00,J1 League,https://www.football-data.co.uk/new/JPN.csv
26/08/2020,11:30,J1 League,https://www.football-data.co.uk/new/JPN.csv
29/08/2020,10:00,J1 League,https://www.football-data.co.uk/new/JPN.csv
29/08/2020,11:00,J1 League,https://www.football-data.co.uk/new/JPN.csv
29/08/2020,11:00,J1 League,https://www.football-data.co.uk/new/JPN.csv
29/08/2020,11:00,J1 League,https://www.football-data.co.uk/new/JPN.csv
29/08/2020,11:00,J1 League,https://www.football-data.co.uk/new/JPN.csv
29/08/2020,11:00,J1 League,https://www.football-data.co.uk/new/JPN.csv
29/08/2020,11:00,J1 League,https://www.football-data.co.uk/new/JPN.csv
30/08/2020,10:00,J1 League,https://www.football-data.co.uk/new/JPN.csv
05/09/2020,06:00,J1 League,https://www.football-data.co.uk/new/JPN.csv
05/09/2020,10:00,J1 League,https://www.football-data.co.uk/new/JPN.csv
05/09/2020,10:00,J1 League,https://www.football-data.co.uk/new/JPN.csv
05/09/2020,10:00,J1 League,https://www.football-data.co.uk/new/JPN.csv
05/09/2020,10:30,J1 League,https://www.football-data.co.uk/new/JPN.csv
05/09/2020,10:30,J1 League,https://www.football-data.co.uk/new/JPN.csv
05/09/2020,10:30,J1 League,https://www.football-data.co.uk/new/JPN.csv
05/09/2020,10:45,J1 League,https://www.football-data.co.uk/new/JPN.csv
05/09/2020,11:30,J1 League,https://www.football-data.co.uk/new/JPN.csv
09/09/2020,10:30,J1 League,https://www.football-data.co.uk/new/JPN.csv
09/09/2020,11:00,J1 League,https://www.football-data.co.uk/new/JPN.csv
09/09/2020,11:00,J1 League,https://www.football-data.co.uk/new/JPN.csv
09/09/2020,11:00,J1 League,https://www.football-data.co.uk/new/JPN.csv
09/09/2020,11:00,J1 League,https://www.football-data.co.uk/new/JPN.csv
09/09/2020,11:00,J1 League,https://www.football-data.co.uk/new/JPN.csv
09/09/2020,11:30,J1 League,https://www.football-data.co.uk/new/JPN.csv
09/09/2020,11:30,J1 League,https://www.football-data.co.uk/new/JPN.csv
09/09/2020,11:30,J1 League,https://www.football-data.co.uk/new/JPN.csv
12/09/2020,10:00,J1 League,https://www.football-data.co.uk/new/JPN.csv
12/09/2020,11:00,J1 League,https://www.football-data.co.uk/new/JPN.csv
13/09/2020,05:05,J1 League,https://www.football-data.co.uk/new/JPN.csv
13/09/2020,10:00,J1 League,https://www.football-data.co.uk/new/JPN.csv
13/09/2020,10:00,J1 League,https://www.football-data.co.uk/new/JPN.csv
13/09/2020,10:30,J1 League,https://www.football-data.co.uk/new/JPN.csv
13/09/2020,10:45,J1 League,https://www.football-data.co.uk/new/JPN.csv
13/09/2020,11:00,J1 League,https://www.football-data.co.uk/new/JPN.csv
13/09/2020,11:00,J1 League,https://www.football-data.co.uk/new/JPN.csv
16/09/2020,11:00,J1 League,https://www.football-data.co.uk/new/JPN.csv
16/09/2020,11:00,J1 League,https://www.football-data.co.uk/new/JPN.csv
16/09/2020,11:30,J1 League,https://www.football-data.co.uk/new/JPN.csv
16/09/2020,11:30,J1 League,https://www.football-data.co.uk/new/JPN.csv
19/09/2020,06:00,J1 League,https://www.football-data.co.uk/new/JPN.csv
19/09/2020,08:00,J1 League,https://www.football-data.co.uk/new/JPN.csv
19/09/2020,09:00,J1 League,https://www.football-data.co.uk/new/JPN.csv
19/09/2020,10:00,J1 League,https://www.football-data.co.uk/new/JPN.csv
19/09/2020,10:30,J1 League,https://www.football-data.co.uk/new/JPN.csv
19/09/2020,11:00,J1 League,https://www.football-data.co.uk/new/JPN.csv
20/09/2020,10:00,J1 League,https://www.football-data.co.uk/new/JPN.csv
20/09/2020,11:00,J1 League,https://www.football-data.co.uk/new/JPN.csv
20/09/2020,11:00,J1 League,https://www.football-data.co.uk/new/JPN.csv
23/09/2020,10:30,J1 League,https://www.football-data.co.uk/new/JPN.csv
23/09/2020,11:00,J1 League,https://www.football-data.co.uk/new/JPN.csv
23/09/2020,11:00,J1 League,https://www.football-data.co.uk/new/JPN.csv
23/09/2020,11:00,J1 League,https://www.football-data.co.uk/new/JPN.csv
23/09/2020,11:00,J1 League,https://www.football-data.co.uk/new/JPN.csv
23/09/2020,11:00,J1 League,https://www.football-data.co.uk/new/JPN.csv
23/09/2020,11:00,J1 League,https://www.football-data.co.uk/new/JPN.csv
23/09/2020,11:30,J1 League,https://www.football-data.co.uk/new/JPN.csv
23/09/2020,11:30,J1 League,https://www.football-data.co.uk/new/JPN.csv
26/09/2020,06:00,J1 League,https://www.football-data.co.uk/new/JPN.csv
26/09/2020,10:00,J1 League,https://www.football-data.co.uk/new/JPN.csv
26/09/2020,11:00,J1 League,https://www.football-data.co.uk/new/JPN.csv
27/09/2020,05:00,J1 League,https://www.football-data.co.uk/new/JPN.csv
27/09/2020,08:00,J1 League,https://www.football-data.co.uk/new/JPN.csv
27/09/2020,09:00,J1 League,https://www.football-data.co.uk/new/JPN.csv
27/09/2020,10:00,J1 League,https://www.football-data.co.uk/new/JPN.csv
27/09/2020,11:00,J1 League,https://www.football-data.co.uk/new/JPN.csv
27/09/2020,11:00,J1 League,https://www.football-data.co.uk/new/JPN.csv
30/09/2020,11:00,J1 League,https://www.football-data.co.uk/new/JPN.csv
30/09/2020,11:00,J1 League,https://www.football-data.co.uk/new/JPN.csv
30/09/2020,11:30,J1 League,https://www.football-data.co.uk/new/JPN.csv
03/10/2020,06:00,J1 League,https://www.football-data.co.uk/new/JPN.csv
03/10/2020,07:00,J1 League,https://www.football-data.co.uk/new/JPN.csv
03/10/2020,08:00,J1 League,https://www.football-data.co.uk/new/JPN.csv
03/10/2020,09:00,J1 League,https://www.football-data.co.uk/new/JPN.csv
03/10/2020,11:00,J1 League,https://www.football-data.co.uk/new/JPN.csv
03/10/2020,11:00,J1 League,https://www.football-data.co.uk/new/JPN.csv
04/10/2020,07:00,J1 League,https://www.football-data.co.uk/new/JPN.csv
04/10/2020,08:00,J1 League,https://www.football-data.co.uk/new/JPN.csv
04/10/2020,09:00,J1 League,https://www.football-data.co.uk/new/JPN.csv
07/10/2020,11:00,J1 League,https://www.football-data.co.uk/new/JPN.csv
10/10/2020,06:00,J1 League,https://www.football-data.co.uk/new/JPN.csv
10/10/2020,06:00,J1 League,https://www.football-data.co.uk/new/JPN.csv
10/10/2020,06:00,J1 League,https://www.football-data.co.uk/new/JPN.csv
10/10/2020,06:00,J1 League,https://www.football-data.co.uk/new/JPN.csv
10/10/2020,07:00,J1 League,https://www.football-data.co.uk/new/JPN.csv
10/10/2020,08:00,J1 League,https://www.football-data.co.uk/new/JPN.csv
10/10/2020,08:00,J1 League,https://www.football-data.co.uk/new/JPN.csv
10/10/2020,10:00,J1 League,https://www.football-data.co.uk/new/JPN.csv
10/10/2020,10:00,J1 League,https://www.football-data.co.uk/new/JPN.csv
14/10/2020,10:45,J1 League,https://www.football-data.co.uk/new/JPN.csv
14/10/2020,11:00,J1 League,https://www.football-data.co.uk/new/JPN.csv
14/10/2020,11:00,J1 League,https://www.football-data.co.uk/new/JPN.csv
14/10/2020,11:00,J1 League,https://www.football-data.co.uk/new/JPN.csv
14/10/2020,11:00,J1 League,https://www.football-data.co.uk/new/JPN.csv
14/10/2020,11:00,J1 League,https://www.football-data.co.uk/new/JPN.csv
14/10/2020,11:00,J1 League,https://www.football-data.co.uk/new/JPN.csv
14/10/2020,11:30,J1 League,https://www.football-data.co.uk/new/JPN.csv
14/10/2020,11:30,J1 League,https://www.football-data.co.uk/new/JPN.csv
17/10/2020,07:00,J1 League,https://www.football-data.co.uk/new/JPN.csv
18/10/2020,05:00,J1 League,https://www.football-data.co.uk/new/JPN.csv
18/10/2020,06:00,J1 League,https://www.football-data.co.uk/new/JPN.csv
18/10/2020,06:00,J1 League,https://www.football-data.co.uk/new/JPN.csv
18/10/2020,06:00,J1 League,https://www.football-data.co.uk/new/JPN.csv
18/10/2020,07:00,J1 League,https://www.football-data.co.uk/new/JPN.csv
18/10/2020,08:00,J1 League,https://www.football-data.co.uk/new/JPN.csv
18/10/2020,09:00,J1 League,https://www.football-data.co.uk/new/JPN.csv
18/10/2020,11:00,J1 League,https://www.football-data.co.uk/new/JPN.csv
21/10/2020,10:00,J1 League,https://www.football-data.co.uk/new/JPN.csv
21/10/2020,11:30,J1 League,https://www.football-data.co.uk/new/JPN.csv
21/10/2020,11:30,J1 League,https://www.football-data.co.uk/new/JPN.csv
24/10/2020,06:00,J1 League,https://www.football-data.co.uk/new/JPN.csv
24/10/2020,06:00,J1 League,https://www.football-data.co.uk/new/JPN.csv
24/10/2020,06:00,J1 League,https://www.football-data.co.uk/new/JPN.csv
24/10/2020,07:00,J1 League,https://www.football-data.co.uk/new/JPN.csv
24/10/2020,08:00,J1 League,https://www.football-data.co.uk/new/JPN.csv
24/10/2020,09:00,J1 League,https://www.football-data.co.uk/new/JPN.csv
25/10/2020,05:00,J1 League,https://www.football-data.co.uk/new/JPN.csv
28/10/2020,10:00,J1 League,https://www.football-data.co.uk/new/JPN.csv
28/10/2020,10:00,J1 League,https://www.football-data.co.uk/new/JPN.csv
28/10/2020,10:00,J1 League,https://www.football-data.co.uk/new/JPN.csv
31/10/2020,04:00,J1 League,https://www.football-data.co.uk/new/JPN.csv
31/10/2020,05:00,J1 League,https://www.football-data.co.uk/new/JPN.csv
31/10/2020,06:00,J1 League,https://www.football-data.co.uk/new/JPN.csv
31/10/2020,07:00,J1 League,https://www.football-data.co.uk/new/JPN.csv
31/10/2020,08:00,J1 League,https://www.football-data.co.uk/new/JPN.csv
31/10/2020,09:00,J1 League,https://www.football-data.co.uk/new/JPN.csv
31/10/2020,10:00,J1 League,https://www.football-data.co.uk/new/JPN.csv
03/11/2020,04:00,J1 League,https://www.football-data.co.uk/new/JPN.csv
03/11/2020,04:00,J1 League,https://www.football-data.co.uk/new/JPN.csv
03/11/2020,05:00,J1 League,https://www.football-data.co.uk/new/JPN.csv
03/11/2020,05:00,J1 League,https://www.football-data.co.uk/new/JPN.csv
03/11/2020,06:00,J1 League,https://www.football-data.co.uk/new/JPN.csv
03/11/2020,07:00,J1 League,https://www.football-data.co.uk/new/JPN.csv
03/11/2020,08:00,J1 League,https://www.football-data.co.uk/new/JPN.csv
08/11/2020,04:00,J1 League,https://www.football-data.co.uk/new/JPN.csv
08/11/2020,05:00,J1 League,https://www.football-data.co.uk/new/JPN.csv
11/11/2020,10:00,J1 League,https://www.football-data.co.uk/new/JPN.csv
11/11/2020,10:00,J1 League,https://www.football-data.co.uk/new/JPN.csv
11/11/2020,10:00,J1 League,https://www.football-data.co.uk/new/JPN.csv
11/11/2020,10:30,J1 League,https://www.football-data.co.uk/new/JPN.csv
14/11/2020,05:00,J1 League,https://www.football-data.co.uk/new/JPN.csv
14/11/2020,05:00,J1 League,https://www.football-data.co.uk/new/JPN.csv
14/11/2020,05:00,J1 League,https://www.football-data.co.uk/new/JPN.csv
14/11/2020,06:00,J1 League,https://www.football-data.co.uk/new/JPN.csv
14/11/2020,07:00,J1 League,https://www.football-data.co.uk/new/JPN.csv
14/11/2020,08:00,J1 League,https://www.football-data.co.uk/new/JPN.csv
15/11/2020,05:00,J1 League,https://www.football-data.co.uk/new/JPN.csv
15/11/2020,10:00,J1 League,https://www.football-data.co.uk/new/JPN.csv
18/11/2020,09:00,J1 League,https://www.football-data.co.uk/new/JPN.csv
18/11/2020,10:00,J1 League,https://www.football-data.co.uk/new/JPN.csv
18/11/2020,10:00,J1 League,https://www.football-data.co.uk/new/JPN.csv
21/11/2020,05:00,J1 League,https://www.football-data.co.uk/new/JPN.csv
21/11/2020,05:00,J1 League,https://www.football-data.co.uk/new/JPN.csv
21/11/2020,06:00,J1 League,https://www.football-data.co.uk/new/JPN.csv
21/11/2020,06:00,J1 League,https://www.football-data.co.uk/new/JPN.csv
21/11/2020,07:00,J1 League,https://www.football-data.co.uk/new/JPN.csv
21/11/2020,08:00,J1 League,https://www.football-data.co.uk/new/JPN.csv
22/11/2020,07:00,J1 League,https://www.football-data.co.uk/new/JPN.csv
25/11/2020,09:30,J1 League,https://www.football-data.co.uk/new/JPN.csv
25/11/2020,10:00,J1 League,https://www.football-data.co.uk/new/JPN.csv
25/11/2020,10:00,J1 League,https://www.football-data.co.uk/new/JPN.csv
25/11/2020,10:00,J1 League,https://www.football-data.co.uk/new/JPN.csv
25/11/2020,10:30,J1 League,https://www.football-data.co.uk/new/JPN.csv
25/11/2020,10:30,J1 League,https://www.football-data.co.uk/new/JPN.csv
28/11/2020,05:00,J1 League,https://www.football-data.co.uk/new/JPN.csv
28/11/2020,05:00,J1 League,https://www.football-data.co.uk/new/JPN.csv
29/11/2020,05:00,J1 League,https://www.football-data.co.uk/new/JPN.csv
29/11/2020,06:00,J1 League,https://www.football-data.co.uk/new/JPN.csv
29/11/2020,06:00,J1 League,https://www.football-data.co.uk/new/JPN.csv
29/11/2020,08:00,J1 League,https://www.football-data.co.uk/new/JPN.csv
01/12/2020,10:00,J1 League,https://www.football-data.co.uk/new/JPN.csv
05/12/2020,05:00,J1 League,https://www.football-data.co.uk/new/JPN.csv
05/12/2020,05:00,J1 League,https://www.football-data.co.uk/new/JPN.csv
05/12/2020,05:00,J1 League,https://www.football-data.co.uk/new/JPN.csv
05/12/2020,07:00,J1 League,https://www.football-data.co.uk/new/JPN.csv
06/12/2020,05:00,J1 League,https://www.football-data.co.uk/new/JPN.csv
06/12/2020,06:00,J1 League,https://www.football-data.co.uk/new/JPN.csv
09/12/2020,10:00,J1 League,https://www.football-data.co.uk/new/JPN.csv
12/12/2020,05:00,J1 League,https://www.football-data.co.uk/new/JPN.csv
12/12/2020,05:00,J1 League,https://www.football-data.co.uk/new/JPN.csv
12/12/2020,05:00,J1 League,https://www.football-data.co.uk/new/JPN.csv
12/12/2020,05:00,J1 League,https://www.football-data.co.uk/new/JPN.csv
12/12/2020,06:00,J1 League,https://www.football-data.co.uk/new/JPN.csv
12/12/2020,07:00,J1 League,https://www.football-data.co.uk/new/JPN.csv
12/12/2020,08:00,J1 League,https://www.football-data.co.uk/new/JPN.csv
16/12/2020,10:00,J1 League,https://www.football-data.co.uk/new/JPN.csv
16/12/2020,10:00,J1 League,https://www.football-data.co.uk/new/JPN.csv
16/12/2020,10:00,J1 League,https://www.football-data.co.uk/new/JPN.csv
16/12/2020,10:00,J1 League,https://www.football-data.co.uk/new/JPN.csv
16/12/2020,10:00,J1 League,https://www.football-data.co.uk/new/JPN.csv
16/12/2020,10:00,J1 League,https://www.football-data.co.uk/new/JPN.csv
19/12/2020,05:00,J1 League,https://www.football-data.co.uk/new/JPN.csv
19/12/2020,05:00,J1 League,https://www.football-data.co.uk/new/JPN.csv
19/12/2020,05:00,J1 League,https://www.football-data.co.uk/new/JPN.csv
19/12/2020,05:00,J1 League,https://www.football-data.co.uk/new/JPN.csv
19/12/2020,05:00,J1 League,https://www.football-data.co.uk/new/JPN.csv
19/12/2020,05:00,J1 League,https://www.football-data.co.uk/new/JPN.csv
19/12/2020,05:00,J1 League,https://www.football-data.co.uk/new/JPN.csv
19/12/2020,05:00,J1 League,https://www.football-data.co.uk/new/JPN.csv
19/12/2020,05:00,J1 League,https://www.football-data.co.uk/new/JPN.csv
26/02/2021,09:00,J1 League,https://www.football-data.co.uk/new/JPN.csv
27/02/2021,05:00,J1 League,https://www.football-data.co.uk/new/JPN.csv
27/02/2021,05:00,J1 League,https://www.football-data.co.uk/new/JPN.csv
27/02/2021,05:00,J1 League,https://www.football-data.co.uk/new/JPN.csv
27/02/2021,05:00,J1 League,https://www.football-data.co.uk/new/JPN.csv
27/02/2021,06:00,J1 League,https://www.football-data.co.uk/new/JPN.csv
27/02/2021,06:00,J1 League,https://www.football-data.co.uk/new/JPN.csv
27/02/2021,07:00,J1 League,https://www.football-data.co.uk/new/JPN.csv
27/02/2021,08:00,J1 League,https://www.football-data.co.uk/new/JPN.csv
28/02/2021,04:00,J1 League,https://www.football-data.co.uk/new/JPN.csv
03/03/2021,09:00,J1 League,https://www.football-data.co.uk/new/JPN.csv
06/03/2021,05:00,J1 League,https://www.football-data.co.uk/new/JPN.csv
06/03/2021,05:00,J1 League,https://www.football-data.co.uk/new/JPN.csv
06/03/2021,05:00,J1 League,https://www.football-data.co.uk/new/JPN.csv
06/03/2021,05:00,J1 League,https://www.football-data.co.uk/new/JPN.csv
06/03/2021,06:00,J1 League,https://www.football-data.co.uk/new/JPN.csv
06/03/2021,06:00,J1 League,https://www.football-data.co.uk/new/JPN.csv
06/03/2021,07:00,J1 League,https://www.football-data.co.uk/new/JPN.csv
06/03/2021,07:00,J1 League,https://www.football-data.co.uk/new/JPN.csv
07/03/2021,04:00,J1 League,https://www.football-data.co.uk/new/JPN.csv
10/03/2021,09:00,J1 League,https://www.football-data.co.uk/new/JPN.csv
10/03/2021,09:00,J1 League,https://www.football-data.co.uk/new/JPN.csv
10/03/2021,09:00,J1 League,https://www.football-data.co.uk/new/JPN.csv
10/03/2021,09:00,J1 League,https://www.football-data.co.uk/new/JPN.csv
10/03/2021,10:00,J1 League,https://www.football-data.co.uk/new/JPN.csv
10/03/2021,10:00,J1 League,https://www.football-data.co.uk/new/JPN.csv
10/03/2021,10:00,J1 League,https://www.football-data.co.uk/new/JPN.csv
10/03/2021,10:00,J1 League,https://www.football-data.co.uk/new/JPN.csv
10/03/2021,10:00,J1 League,https://www.football-data.co.uk/new/JPN.csv
13/03/2021,05:00,J1 League,https://www.football-data.co.uk/new/JPN.csv
13/03/2021,07:00,J1 League,https://www.football-data.co.uk/new/JPN.csv
13/03/2021,07:00,J1 League,https://www.football-data.co.uk/new/JPN.csv
13/03/2021,07:00,J1 League,https://www.football-data.co.uk/new/JPN.csv
13/03/2021,08:00,J1 League,https://www.football-data.co.uk/new/JPN.csv
13/03/2021,09:00,J1 League,https://www.football-data.co.uk/new/JPN.csv
14/03/2021,04:00,J1 League,https://www.football-data.co.uk/new/JPN.csv
14/03/2021,05:00,J1 League,https://www.football-data.co.uk/new/JPN.csv
14/03/2021,06:00,J1 League,https://www.football-data.co.uk/new/JPN.csv
17/03/2021,09:00,J1 League,https://www.football-data.co.uk/new/JPN.csv
17/03/2021,09:00,J1 League,https://www.football-data.co.uk/new/JPN.csv
17/03/2021,09:00,J1 League,https://www.football-data.co.uk/new/JPN.csv
17/03/2021,10:00,J1 League,https://www.football-data.co.uk/new/JPN.csv
17/03/2021,10:00,J1 League,https://www.football-data.co.uk/new/JPN.csv
17/03/2021,10:00,J1 League,https://www.football-data.co.uk/new/JPN.csv
17/03/2021,10:00,J1 League,https://www.football-data.co.uk/new/JPN.csv
17/03/2021,10:00,J1 League,https://www.football-data.co.uk/new/JPN.csv
17/03/2021,10:00,J1 League,https://www.football-data.co.uk/new/JPN.csv
20/03/2021,05:00,J1 League,https://www.football-data.co.uk/new/JPN.csv
21/03/2021,04:00,J1 League,https://www.football-data.co.uk/new/JPN.csv
21/03/2021,05:00,J1 League,https://www.football-data.co.uk/new/JPN.csv
21/03/2021,05:00,J1 League,https://www.football-data.co.uk/new/JPN.csv
21/03/2021,05:00,J1 League,https://www.football-data.co.uk/new/JPN.csv
21/03/2021,06:00,J1 League,https://www.football-data.co.uk/new/JPN.csv
21/03/2021,06:00,J1 League,https://www.football-data.co.uk/new/JPN.csv
21/03/2021,07:00,J1 League,https://www.football-data.co.uk/new/JPN.csv
21/03/2021,07:00,J1 League,https://www.football-data.co.uk/new/JPN.csv
02/04/2021,11:00,J1 League,https://www.football-data.co.uk/new/JPN.csv
03/04/2021,05:00,J1 League,https://www.football-data.co.uk/new/JPN.csv
03/04/2021,06:00,J1 League,https://www.football-data.co.uk/new/JPN.csv
03/04/2021,06:00,J1 League,https://www.football-data.co.uk/new/JPN.csv
03/04/2021,06:00,J1 League,https://www.football-data.co.uk/new/JPN.csv
03/04/2021,06:00,J1 League,https://www.football-data.co.uk/new/JPN.csv
03/04/2021,07:00,J1 League,https://www.football-data.co.uk/new/JPN.csv
03/04/2021,09:00,J1 League,https://www.football-data.co.uk/new/JPN.csv
03/04/2021,11:00,J1 League,https://www.football-data.co.uk/new/JPN.csv
04/04/2021,06:00,J1 League,https://www.football-data.co.uk/new/JPN.csv
06/04/2021,11:00,J1 League,https://www.football-data.co.uk/new/JPN.csv
07/04/2021,11:00,J1 League,https://www.football-data.co.uk/new/JPN.csv
07/04/2021,11:00,J1 League,https://www.football-data.co.uk/new/JPN.csv
07/04/2021,11:00,J1 League,https://www.football-data.co.uk/new/JPN.csv
07/04/2021,11:00,J1 League,https://www.football-data.co.uk/new/JPN.csv
07/04/2021,11:00,J1 League,https://www.football-data.co.uk/new/JPN.csv
07/04/2021,11:00,J1 League,https://www.football-data.co.uk/new/JPN.csv
07/04/2021,11:00,J1 League,https://www.football-data.co.uk/new/JPN.csv
07/04/2021,11:00,J1 League,https://www.football-data.co.uk/new/JPN.csv
07/04/2021,11:00,J1 League,https://www.football-data.co.uk/new/JPN.csv
10/04/2021,06:00,J1 League,https://www.football-data.co.uk/new/JPN.csv
10/04/2021,07:00,J1 League,https://www.football-data.co.uk/new/JPN.csv
11/04/2021,05:05,J1 League,https://www.football-data.co.uk/new/JPN.csv
11/04/2021,06:00,J1 League,https://www.football-data.co.uk/new/JPN.csv
11/04/2021,06:00,J1 League,https://www.football-data.co.uk/new/JPN.csv
11/04/2021,07:00,J1 League,https://www.football-data.co.uk/new/JPN.csv
11/04/2021,07:00,J1 League,https://www.football-data.co.uk/new/JPN.csv
11/04/2021,08:00,J1 League,https://www.football-data.co.uk/new/JPN.csv
11/04/2021,09:00,J1 League,https://www.football-data.co.uk/new/JPN.csv
11/04/2021,09:00,J1 League,https://www.football-data.co.uk/new/JPN.csv
14/04/2021,10:00,J1 League,https://www.football-data.co.uk/new/JPN.csv
14/04/2021,11:00,J1 League,https://www.football-data.co.uk/new/JPN.csv
14/04/2021,11:00,J1 League,https://www.football-data.co.uk/new/JPN.csv
14/04/2021,11:30,J1 League,https://www.football-data.co.uk/new/JPN.csv
16/04/2021,11:00,J1 League,https://www.football-data.co.uk/new/JPN.csv
17/04/2021,06:00,J1 League,https://www.football-data.co.uk/new/JPN.csv
17/04/2021,06:00,J1 League,https://www.football-data.co.uk/new/JPN.csv
17/04/2021,06:00,J1 League,https://www.football-data.co.uk/new/JPN.csv
17/04/2021,06:00,J1 League,https://www.football-data.co.uk/new/JPN.csv
17/04/2021,07:00,J1 League,https://www.football-data.co.uk/new/JPN.csv
18/04/2021,06:00,J1 League,https://www.football-data.co.uk/new/JPN.csv
18/04/2021,07:00,J1 League,https://www.football-data.co.uk/new/JPN.csv
18/04/2021,07:00,J1 League,https://www.football-data.co.uk/new/JPN.csv
18/04/2021,09:00,J1 League,https://www.football-data.co.uk/new/JPN.csv
22/04/2021,11:30,J1 League,https://www.football-data.co.uk/new/JPN.csv
24/04/2021,05:00,J1 League,https://www.football-data.co.uk/new/JPN.csv
24/04/2021,06:00,J1 League,https://www.football-data.co.uk/new/JPN.csv
24/04/2021,06:00,J1 League,https://www.football-data.co.uk/new/JPN.csv
24/04/2021,06:00,J1 League,https://www.football-data.co.uk/new/JPN.csv
24/04/2021,08:00,J1 League,https://www.football-data.co.uk/new/JPN.csv
24/04/2021,09:00,J1 League,https://www.football-data.co.uk/new/JPN.csv
25/04/2021,06:00,J1 League,https://www.football-data.co.uk/new/JPN.csv
25/04/2021,08:00,J1 League,https://www.football-data.co.uk/new/JPN.csv
29/04/2021,07:00,J1 League,https://www.football-data.co.uk/new/JPN.csv
01/05/2021,06:00,J1 League,https://www.football-data.co.uk/new/JPN.csv
01/05/2021,06:00,J1 League,https://www.football-data.co.uk/new/JPN.csv
01/05/2021,06:00,J1 League,https://www.football-data.co.uk/new/JPN.csv
01/05/2021,07:00,J1 League,https://www.football-data.co.uk/new/JPN.csv
01/05/2021,08:00,J1 League,https://www.football-data.co.uk/new/JPN.csv
01/05/2021,09:00,J1 League,https://www.football-data.co.uk/new/JPN.csv
02/05/2021,06:00,J1 League,https://www.football-data.co.uk/new/JPN.csv
02/05/2021,07:00,J1 League,https://www.football-data.co.uk/new/JPN.csv
02/05/2021,07:00,J1 League,https://www.football-data.co.uk/new/JPN.csv
04/05/2021,07:00,J1 League,https://www.football-data.co.uk/new/JPN.csv
08/05/2021,06:00,J1 League,https://www.football-data.co.uk/new/JPN.csv
08/05/2021,07:00,J1 League,https://www.football-data.co.uk/new/JPN.csv
08/05/2021,10:00,J1 League,https://www.football-data.co.uk/new/JPN.csv
09/05/2021,05:00,J1 League,https://www.football-data.co.uk/new/JPN.csv
09/05/2021,06:00,J1 League,https://www.football-data.co.uk/new/JPN.csv
09/05/2021,06:00,J1 League,https://www.football-data.co.uk/new/JPN.csv
09/05/2021,07:00,J1 League,https://www.football-data.co.uk/new/JPN.csv
09/05/2021,07:00,J1 League,https://www.football-data.co.uk/new/JPN.csv
09/05/2021,08:00,J1 League,https://www.football-data.co.uk/new/JPN.csv
09/05/2021,09:00,J1 League,https://www.football-data.co.uk/new/JPN.csv
12/05/2021,10:00,J1 League,https://www.football-data.co.uk/new/JPN.csv
12/05/2021,11:00,J1 League,https://www.football-data.co.uk/new/JPN.csv
12/05/2021,11:00,J1 League,https://www.football-data.co.uk/new/JPN.csv
15/05/2021,06:00,J1 League,https://www.football-data.co.uk/new/JPN.csv
15/05/2021,06:00,J1 League,https://www.football-data.co.uk/new/JPN.csv
15/05/2021,07:00,J1 League,https://www.football-data.co.uk/new/JPN.csv
15/05/2021,08:00,J1 League,https://www.football-data.co.uk/new/JPN.csv
15/05/2021,08:00,J1 League,https://www.football-data.co.uk/new/JPN.csv
15/05/2021,08:00,J1 League,https://www.football-data.co.uk/new/JPN.csv
15/05/2021,08:00,J1 League,https://www.football-data.co.uk/new/JPN.csv
15/05/2021,09:00,J1 League,https://www.football-data.co.uk/new/JPN.csv
16/05/2021,07:00,J1 League,https://www.football-data.co.uk/new/JPN.csv
16/05/2021,09:00,J1 League,https://www.football-data.co.uk/new/JPN.csv
22/05/2021,06:00,J1 League,https://www.football-data.co.uk/new/JPN.csv
22/05/2021,06:00,J1 League,https://www.football-data.co.uk/new/JPN.csv
22/05/2021,06:00,J1 League,https://www.football-data.co.uk/new/JPN.csv
22/05/2021,07:00,J1 League,https://www.football-data.co.uk/new/JPN.csv
22/05/2021,08:00,J1 League,https://www.football-data.co.uk/new/JPN.csv
22/05/2021,09:00,J1 League,https://www.football-data.co.uk/new/JPN.csv
22/05/2021,09:00,J1 League,https://www.football-data.co.uk/new/JPN.csv
22/05/2021,10:00,J1 League,https://www.football-data.co.uk/new/JPN.csv
22/05/2021,11:00,J1 League,https://www.football-data.co.uk/new/JPN.csv
23/05/2021,07:00,J1 League,https://www.football-data.co.uk/new/JPN.csv
26/05/2021,11:00,J1 League,https://www.football-data.co.uk/new/JPN.csv
26/05/2021,11:00,J1 League,https://www.football-data.co.uk/new/JPN.csv
26/05/2021,11:00,J1 League,https://www.football-data.co.uk/new/JPN.csv
26/05/2021,11:00,J1 League,https://www.football-data.co.uk/new/JPN.csv
26/05/2021,11:00,J1 League,https://www.football-data.co.uk/new/JPN.csv
26/05/2021,11:00,J1 League,https://www.football-data.co.uk/new/JPN.csv
26/05/2021,11:00,J1 League,https://www.football-data.co.uk/new/JPN.csv
26/05/2021,11:00,J1 League,https://www.football-data.co.uk/new/JPN.csv
26/05/2021,11:00,J1 League,https://www.football-data.co.uk/new/JPN.csv
27/05/2021,11:00,J1 League,https://www.football-data.co.uk/new/JPN.csv
29/05/2021,11:00,J1 League,https://www.football-data.co.uk/new/JPN.csv
30/05/2021,05:00,J1 League,https://www.football-data.co.uk/new/JPN.csv
30/05/2021,06:00,J1 League,https://www.football-data.co.uk/new/JPN.csv
30/05/2021,06:00,J1 League,https://www.football-data.co.uk/new/JPN.csv
30/05/2021,07:00,J1 League,https://www.football-data.co.uk/new/JPN.csv
30/05/2021,07:00,J1 League,https://www.football-data.co.uk/new/JPN.csv
30/05/2021,07:00,J1 League,https://www.football-data.co.uk/new/JPN.csv
30/05/2021,09:00,J1 League,https://www.football-data.co.uk/new/JPN.csv
30/05/2021,10:00,J1 League,https://www.football-data.co.uk/new/JPN.csv
30/05/2021,11:00,J1 League,https://www.football-data.co.uk/new/JPN.csv
02/06/2021,11:00,J1 League,https://www.football-data.co.uk/new/JPN.csv
02/06/2021,11:00,J1 League,https://www.football-data.co.uk/new/JPN.csv
19/06/2021,05:00,J1 League,https://www.football-data.co.uk/new/JPN.csv
19/06/2021,06:00,J1 League,https://www.football-data.co.uk/new/JPN.csv
19/06/2021,10:00,J1 League,https://www.football-data.co.uk/new/JPN.csv
19/06/2021,11:00,J1 League,https://www.football-data.co.uk/new/JPN.csv
20/06/2021,09:00,J1 League,https://www.football-data.co.uk/new/JPN.csv
20/06/2021,11:00,J1 League,https://www.football-data.co.uk/new/JPN.csv
23/06/2021,10:00,J1 League,https://www.football-data.co.uk/new/JPN.csv
23/06/2021,11:00,J1 League,https://www.football-data.co.uk/new/JPN.csv
23/06/2021,11:00,J1 League,https://www.football-data.co.uk/new/JPN.csv
23/06/2021,11:00,J1 League,https://www.football-data.co.uk/new/JPN.csv
23/06/2021,11:00,J1 League,https://www.football-data.co.uk/new/JPN.csv
23/06/2021,11:00,J1 League,https://www.football-data.co.uk/new/JPN.csv
27/06/2021,10:00,J1 League,https://www.football-data.co.uk/new/JPN.csv
27/06/2021,10:00,J1 League,https://www.football-data.co.uk/new/JPN.csv
27/06/2021,10:30,J1 League,https://www.football-data.co.uk/new/JPN.csv
27/06/2021,11:00,J1 League,https://www.football-data.co.uk/new/JPN.csv
27/06/2021,11:00,J1 League,https://www.football-data.co.uk/new/JPN.csv
27/06/2021,11:00,J1 League,https://www.football-data.co.uk/new/JPN.csv
03/07/2021,10:00,J1 League,https://www.football-data.co.uk/new/JPN.csv
03/07/2021,11:00,J1 League,https://www.football-data.co.uk/new/JPN.csv
03/07/2021,11:00,J1 League,https://www.football-data.co.uk/new/JPN.csv
03/07/2021,11:00,J1 League,https://www.football-data.co.uk/new/JPN.csv
04/07/2021,05:05,J1 League,https://www.football-data.co.uk/new/JPN.csv
04/07/2021,10:00,J1 League,https://www.football-data.co.uk/new/JPN.csv
10/07/2021,10:00,J1 League,https://www.football-data.co.uk/new/JPN.csv
10/07/2021,11:00,J1 League,https://www.football-data.co.uk/new/JPN.csv
10/07/2021,11:00,J1 League,https://www.football-data.co.uk/new/JPN.csv
11/07/2021,10:00,J1 League,https://www.football-data.co.uk/new/JPN.csv
11/07/2021,10:00,J1 League,https://www.football-data.co.uk/new/JPN.csv
11/07/2021,11:00,J1 League,https://www.football-data.co.uk/new/JPN.csv
11/07/2021,11:00,J1 League,https://www.football-data.co.uk/new/JPN.csv
17/07/2021,10:30,J1 League,https://www.football-data.co.uk/new/JPN.csv
17/07/2021,10:30,J1 League,https://www.football-data.co.uk/new/JPN.csv
17/07/2021,11:00,J1 League,https://www.football-data.co.uk/new/JPN.csv
17/07/2021,11:00,J1 League,https://www.football-data.co.uk/new/JPN.csv
21/07/2021,11:00,J1 League,https://www.football-data.co.uk/new/JPN.csv
21/07/2021,11:00,J1 League,https://www.football-data.co.uk/new/JPN.csv
24/07/2021,11:00,J1 League,https://www.football-data.co.uk/new/JPN.csv
24/07/2021,11:00,J1 League,https://www.football-data.co.uk/new/JPN.csv
27/07/2021,11:00,J1 League,https://www.football-data.co.uk/new/JPN.csv
30/07/2021,10:00,J1 League,https://www.football-data.co.uk/new/JPN.csv
03/08/2021,11:00,J1 League,https://www.football-data.co.uk/new/JPN.csv
06/08/2021,11:00,J1 League,https://www.football-data.co.uk/new/JPN.csv
09/08/2021,07:00,J1 League,https://www.football-data.co.uk/new/JPN.csv
09/08/2021,10:00,J1 League,https://www.football-data.co.uk/new/JPN.csv
09/08/2021,10:00,J1 League,https://www.football-data.co.uk/new/JPN.csv
09/08/2021,10:00,J1 League,https://www.football-data.co.uk/new/JPN.csv
09/08/2021,11:00,J1 League,https://www.football-data.co.uk/new/JPN.csv
09/08/2021,11:00,J1 League,https://www.football-data.co.uk/new/JPN.csv
09/08/2021,11:00,J1 League,https://www.football-data.co.uk/new/JPN.csv
09/08/2021,11:00,J1 League,https://www.football-data.co.uk/new/JPN.csv
09/08/2021,11:00,J1 League,https://www.football-data.co.uk/new/JPN.csv
09/08/2021,11:00,J1 League,https://www.football-data.co.uk/new/JPN.csv
12/08/2021,11:00,J1 League,https://www.football-data.co.uk/new/JPN.csv
13/08/2021,11:00,J1 League,https://www.football-data.co.uk/new/JPN.csv
14/08/2021,06:00,J1 League,https://www.football-data.co.uk/new/JPN.csv
14/08/2021,11:00,J1 League,https://www.football-data.co.uk/new/JPN.csv
14/08/2021,11:00,J1 League,https://www.football-data.co.uk/new/JPN.csv
14/08/2021,11:00,J1 League,https://www.football-data.co.uk/new/JPN.csv
15/08/2021,10:00,J1 League,https://www.football-data.co.uk/new/JPN.csv
15/08/2021,10:00,J1 League,https://www.football-data.co.uk/new/JPN.csv
15/08/2021,10:30,J1 League,https://www.football-data.co.uk/new/JPN.csv
15/08/2021,11:00,J1 League,https://www.football-data.co.uk/new/JPN.csv
21/08/2021,10:00,J1 League,https://www.football-data.co.uk/new/JPN.csv
21/08/2021,10:00,J1 League,https://www.football-data.co.uk/new/JPN.csv
21/08/2021,11:00,J1 League,https://www.football-data.co.uk/new/JPN.csv
21/08/2021,11:00,J1 League,https://www.football-data.co.uk/new/JPN.csv
21/08/2021,11:00,J1 League,https://www.football-data.co.uk/new/JPN.csv
21/08/2021,11:00,J1 League,https://www.football-data.co.uk/new/JPN.csv
21/08/2021,11:00,J1 League,https://www.football-data.co.uk/new/JPN.csv
21/08/2021,11:00,J1 League,https://www.football-data.co.uk/new/JPN.csv
21/08/2021,11:00,J1 League,https://www.football-data.co.uk/new/JPN.csv
22/08/2021,10:00,J1 League,https://www.football-data.co.uk/new/JPN.csv
25/08/2021,11:00,J1 League,https://www.football-data.co.uk/new/JPN.csv
25/08/2021,11:00,J1 League,https://www.football-data.co.uk/new/JPN.csv
25/08/2021,11:00,J1 League,https://www.football-data.co.uk/new/JPN.csv
25/08/2021,11:00,J1 League,https://www.football-data.co.uk/new/JPN.csv
25/08/2021,11:00,J1 League,https://www.football-data.co.uk/new/JPN.csv
25/08/2021,11:00,J1 League,https://www.football-data.co.uk/new/JPN.csv
25/08/2021,11:00,J1 League,https://www.football-data.co.uk/new/JPN.csv
25/08/2021,11:00,J1 League,https://www.football-data.co.uk/new/JPN.csv
25/08/2021,11:00,J1 League,https://www.football-data.co.uk/new/JPN.csv
25/08/2021,11:00,J1 League,https://www.football-data.co.uk/new/JPN.csv
28/08/2021,06:00,J1 League,https://www.football-data.co.uk/new/JPN.csv
28/08/2021,10:00,J1 League,https://www.football-data.co.uk/new/JPN.csv
28/08/2021,11:00,J1 League,https://www.football-data.co.uk/new/JPN.csv
28/08/2021,11:00,J1 League,https://www.football-data.co.uk/new/JPN.csv
28/08/2021,11:00,J1 League,https://www.football-data.co.uk/new/JPN.csv
29/08/2021,10:00,J1 League,https://www.football-data.co.uk/new/JPN.csv
29/08/2021,11:00,J1 League,https://www.football-data.co.uk/new/JPN.csv
29/08/2021,11:00,J1 League,https://www.football-data.co.uk/new/JPN.csv
29/08/2021,11:00,J1 League,https://www.football-data.co.uk/new/JPN.csv
29/08/2021,11:00,J1 League,https://www.football-data.co.uk/new/JPN.csv
05/09/2021,10:00,J1 League,https://www.football-data.co.uk/new/JPN.csv
08/09/2021,11:00,J1 League,https://www.football-data.co.uk/new/JPN.csv
10/09/2021,11:00,J1 League,https://www.football-data.co.uk/new/JPN.csv
11/09/2021,10:00,J1 League,https://www.football-data.co.uk/new/JPN.csv
11/09/2021,10:00,J1 League,https://www.football-data.co.uk/new/JPN.csv
11/09/2021,10:00,J1 League,https://www.football-data.co.uk/new/JPN.csv
11/09/2021,10:30,J1 League,https://www.football-data.co.uk/new/JPN.csv
11/09/2021,11:00,J1 League,https://www.football-data.co.uk/new/JPN.csv
11/09/2021,11:00,J1 League,https://www.football-data.co.uk/new/JPN.csv
12/09/2021,10:30,J1 League,https://www.football-data.co.uk/new/JPN.csv
12/09/2021,11:00,J1 League,https://www.football-data.co.uk/new/JPN.csv
18/09/2021,10:00,J1 League,https://www.football-data.co.uk/new/JPN.csv
18/09/2021,10:00,J1 League,https://www.football-data.co.uk/new/JPN.csv
18/09/2021,10:00,J1 League,https://www.football-data.co.uk/new/JPN.csv
18/09/2021,10:00,J1 League,https://www.football-data.co.uk/new/JPN.csv
18/09/2021,10:30,J1 League,https://www.football-data.co.uk/new/JPN.csv
18/09/2021,11:00,J1 League,https://www.football-data.co.uk/new/JPN.csv
18/09/2021,11:00,J1 League,https://www.football-data.co.uk/new/JPN.csv
18/09/2021,11:00,J1 League,https://www.football-data.co.uk/new/JPN.csv
18/09/2021,11:00,J1 League,https://www.football-data.co.uk/new/JPN.csv
18/09/2021,11:00,J1 League,https://www.football-data.co.uk/new/JPN.csv
22/09/2021,11:00,J1 League,https://www.football-data.co.uk/new/JPN.csv
22/09/2021,11:00,J1 League,https://www.football-data.co.uk/new/JPN.csv
22/09/2021,11:00,J1 League,https://www.football-data.co.uk/new/JPN.csv
24/09/2021,11:00,J1 League,https://www.football-data.co.uk/new/JPN.csv
25/09/2021,06:00,J1 League,https://www.football-data.co.uk/new/JPN.csv
25/09/2021,07:00,J1 League,https://www.football-data.co.uk/new/JPN.csv
25/09/2021,10:00,J1 League,https://www.football-data.co.uk/new/JPN.csv
25/09/2021,11:00,J1 League,https://www.football-data.co.uk/new/JPN.csv
26/09/2021,05:00,J1 League,https://www.football-data.co.uk/new/JPN.csv
26/09/2021,07:00,J1 League,https://www.football-data.co.uk/new/JPN.csv
26/09/2021,08:00,J1 League,https://www.football-data.co.uk/new/JPN.csv
26/09/2021,09:00,J1 League,https://www.football-data.co.uk/new/JPN.csv
26/09/2021,11:00,J1 League,https://www.football-data.co.uk/new/JPN.csv
29/09/2021,11:00,J1 League,https://www.football-data.co.uk/new/JPN.csv
01/10/2021,11:00,J1 League,https://www.football-data.co.uk/new/JPN.csv
02/10/2021,05:30,J1 League,https://www.football-data.co.uk/new/JPN.csv
02/10/2021,07:00,J1 League,https://www.football-data.co.uk/new/JPN.csv
02/10/2021,08:00,J1 League,https://www.football-data.co.uk/new/JPN.csv
02/10/2021,08:00,J1 League,https://www.football-data.co.uk/new/JPN.csv
02/10/2021,09:00,J1 League,https://www.football-data.co.uk/new/JPN.csv
02/10/2021,11:00,J1 League,https://www.football-data.co.uk/new/JPN.csv
03/10/2021,05:00,J1 League,https://www.football-data.co.uk/new/JPN.csv
03/10/2021,07:00,J1 League,https://www.football-data.co.uk/new/JPN.csv
03/10/2021,08:00,J1 League,https://www.football-data.co.uk/new/JPN.csv
16/10/2021,06:00,J1 League,https://www.football-data.co.uk/new/JPN.csv
16/10/2021,07:00,J1 League,https://www.football-data.co.uk/new/JPN.csv
16/10/2021,07:00,J1 League,https://www.football-data.co.uk/new/JPN.csv
16/10/2021,08:00,J1 League,https://www.football-data.co.uk/new/JPN.csv
16/10/2021,08:00,J1 League,https://www.football-data.co.uk/new/JPN.csv
16/10/2021,11:00,J1 League,https://www.football-data.co.uk/new/JPN.csv
17/10/2021,06:00,J1 League,https://www.football-data.co.uk/new/JPN.csv
22/10/2021,11:00,J1 League,https://www.football-data.co.uk/new/JPN.csv
23/10/2021,06:00,J1 League,https://www.football-data.co.uk/new/JPN.csv
23/10/2021,06:00,J1 League,https://www.football-data.co.uk/new/JPN.csv
23/10/2021,06:00,J1 League,https://www.football-data.co.uk/new/JPN.csv
23/10/2021,07:00,J1 League,https://www.football-data.co.uk/new/JPN.csv
23/10/2021,09:00,J1 League,https://www.football-data.co.uk/new/JPN.csv
24/10/2021,06:00,J1 League,https://www.football-data.co.uk/new/JPN.csv
24/10/2021,07:00,J1 League,https://www.football-data.co.uk/new/JPN.csv
24/10/2021,09:00,J1 League,https://www.football-data.co.uk/new/JPN.csv
24/10/2021,11:00,J1 League,https://www.football-data.co.uk/new/JPN.csv
03/11/2021,04:05,J1 League,https://www.football-data.co.uk/new/JPN.csv
03/11/2021,04:05,J1 League,https://www.football-data.co.uk/new/JPN.csv
03/11/2021,05:00,J1 League,https://www.football-data.co.uk/new/JPN.csv
03/11/2021,05:00,J1 League,https://www.football-data.co.uk/new/JPN.csv
03/11/2021,05:00,J1 League,https://www.football-data.co.uk/new/JPN.csv
03/11/2021,06:00,J1 League,https://www.football-data.co.uk/new/JPN.csv
03/11/2021,06:00,J1 League,https://www.football-data.co.uk/new/JPN.csv
03/11/2021,06:00,J1 League,https://www.football-data.co.uk/new/JPN.csv
03/11/2021,07:00,J1 League,https://www.football-data.co.uk/new/JPN.csv
03/11/2021,07:00,J1 League,https://www.football-data.co.uk/new/JPN.csv
06/11/2021,05:00,J1 League,https://www.football-data.co.uk/new/JPN.csv
06/11/2021,06:00,J1 League,https://www.football-data.co.uk/new/JPN.csv
06/11/2021,07:00,J1 League,https://www.football-data.co.uk/new/JPN.csv
07/11/2021,05:00,J1 League,https://www.football-data.co.uk/new/JPN.csv
07/11/2021,05:00,J1 League,https://www.football-data.co.uk/new/JPN.csv
07/11/2021,05:00,J1 League,https://www.football-data.co.uk/new/JPN.csv
07/11/2021,05:00,J1 League,https://www.football-data.co.uk/new/JPN.csv
07/11/2021,06:00,J1 League,https://www.football-data.co.uk/new/JPN.csv
07/11/2021,06:00,J1 League,https://www.football-data.co.uk/new/JPN.csv
07/11/2021,07:00,J1 League,https://www.football-data.co.uk/new/JPN.csv
20/11/2021,05:00,J1 League,https://www.football-data.co.uk/new/JPN.csv
20/11/2021,05:00,J1 League,https://www.football-data.co.uk/new/JPN.csv
20/11/2021,05:00,J1 League,https://www.football-data.co.uk/new/JPN.csv
20/11/2021,05:00,J1 League,https://www.football-data.co.uk/new/JPN.csv
20/11/2021,05:00,J1 League,https://www.football-data.co.uk/new/JPN.csv
20/11/2021,05:00,J1 League,https://www.football-data.co.uk/new/JPN.csv
20/11/2021,06:00,J1 League,https://www.football-data.co.uk/new/JPN.csv
20/11/2021,06:00,J1 League,https://www.football-data.co.uk/new/JPN.csv
20/11/2021,06:00,J1 League,https://www.football-data.co.uk/new/JPN.csv
20/11/2021,07:00,J1 League,https://www.football-data.co.uk/new/JPN.csv
27/11/2021,05:00,J1 League,https://www.football-data.co.uk/new/JPN.csv
27/11/2021,05:00,J1 League,https://www.football-data.co.uk/new/JPN.csv
27/11/2021,05:00,J1 League,https://www.football-data.co.uk/new/JPN.csv
27/11/2021,05:00,J1 League,https://www.football-data.co.uk/new/JPN.csv
27/11/2021,05:00,J1 League,https://www.football-data.co.uk/new/JPN.csv
27/11/2021,05:00,J1 League,https://www.football-data.co.uk/new/JPN.csv
27/11/2021,05:00,J1 League,https://www.football-data.co.uk/new/JPN.csv
27/11/2021,05:00,J1 League,https://www.football-data.co.uk/new/JPN.csv
27/11/2021,05:00,J1 League,https://www.football-data.co.uk/new/JPN.csv
27/11/2021,05:00,J1 League,https://www.football-data.co.uk/new/JPN.csv
04/12/2021,05:00,J1 League,https://www.football-data.co.uk/new/JPN.csv
04/12/2021,05:00,J1 League,https://www.football-data.co.uk/new/JPN.csv
04/12/2021,05:00,J1 League,https://www.football-data.co.uk/new/JPN.csv
04/12/2021,05:00,J1 League,https://www.football-data.co.uk/new/JPN.csv
04/12/2021,05:00,J1 League,https://www.football-data.co.uk/new/JPN.csv
04/12/2021,05:00,J1 League,https://www.football-data.co.uk/new/JPN.csv
04/12/2021,05:00,J1 League,https://www.football-data.co.uk/new/JPN.csv
04/12/2021,05:00,J1 League,https://www.football-data.co.uk/new/JPN.csv
04/12/2021,05:00,J1 League,https://www.football-data.co.uk/new/JPN.csv
04/12/2021,05:00,J1 League,https://www.football-data.co.uk/new/JPN.csv
18/02/2022,10:00,J1 League,https://www.football-data.co.uk/new/JPN.csv
19/02/2022,05:00,J1 League,https://www.football-data.co.uk/new/JPN.csv
19/02/2022,05:00,J1 League,https://www.football-data.co.uk/new/JPN.csv
19/02/2022,05:00,J1 League,https://www.football-data.co.uk/new/JPN.csv
19/02/2022,05:00,J1 League,https://www.football-data.co.uk/new/JPN.csv
19/02/2022,05:00,J1 League,https://www.football-data.co.uk/new/JPN.csv
19/02/2022,05:00,J1 League,https://www.football-data.co.uk/new/JPN.csv
19/02/2022,06:00,J1 League,https://www.football-data.co.uk/new/JPN.csv
19/02/2022,06:00,J1 League,https://www.football-data.co.uk/new/JPN.csv
23/02/2022,05:00,J1 League,https://www.football-data.co.uk/new/JPN.csv
23/02/2022,07:04,J1 League,https://www.football-data.co.uk/new/JPN.csv
26/02/2022,04:30,J1 League,https://www.football-data.co.uk/new/JPN.csv
26/02/2022,05:00,J1 League,https://www.football-data.co.uk/new/JPN.csv
26/02/2022,06:00,J1 League,https://www.football-data.co.uk/new/JPN.csv
26/02/2022,06:00,J1 League,https://www.football-data.co.uk/new/JPN.csv
26/02/2022,06:00,J1 League,https://www.football-data.co.uk/new/JPN.csv
26/02/2022,06:00,J1 League,https://www.football-data.co.uk/new/JPN.csv
26/02/2022,07:00,J1 League,https://www.football-data.co.uk/new/JPN.csv
27/02/2022,06:00,J1 League,https://www.football-data.co.uk/new/JPN.csv
02/03/2022,10:00,J1 League,https://www.football-data.co.uk/new/JPN.csv
02/03/2022,10:30,J1 League,https://www.football-data.co.uk/new/JPN.csv
05/03/2022,05:00,J1 League,https://www.football-data.co.uk/new/JPN.csv
06/03/2022,05:00,J1 League,https://www.football-data.co.uk/new/JPN.csv
06/03/2022,05:00,J1 League,https://www.football-data.co.uk/new/JPN.csv
06/03/2022,05:00,J1 League,https://www.football-data.co.uk/new/JPN.csv
06/03/2022,06:00,J1 League,https://www.football-data.co.uk/new/JPN.csv
06/03/2022,06:00,J1 League,https://www.football-data.co.uk/new/JPN.csv
06/03/2022,06:00,J1 League,https://www.football-data.co.uk/new/JPN.csv
06/03/2022,07:00,J1 League,https://www.football-data.co.uk/new/JPN.csv
06/03/2022,07:00,J1 League,https://www.football-data.co.uk/new/JPN.csv
11/03/2022,10:00,J1 League,https://www.football-data.co.uk/new/JPN.csv
12/03/2022,05:00,J1 League,https://www.football-data.co.uk/new/JPN.csv
12/03/2022,05:00,J1 League,https://www.football-data.co.uk/new/JPN.csv
12/03/2022,05:00,J1 League,https://www.football-data.co.uk/new/JPN.csv
12/03/2022,06:00,J1 League,https://www.football-data.co.uk/new/JPN.csv
12/03/2022,06:00,J1 League,https://www.football-data.co.uk/new/JPN.csv
12/03/2022,07:00,J1 League,https://www.football-data.co.uk/new/JPN.csv
12/03/2022,08:00,J1 League,https://www.football-data.co.uk/new/JPN.csv
13/03/2022,06:00,J1 League,https://www.football-data.co.uk/new/JPN.csv
18/03/2022,10:00,J1 League,https://www.football-data.co.uk/new/JPN.csv
19/03/2022,05:00,J1 League,https://www.football-data.co.uk/new/JPN.csv
19/03/2022,05:00,J1 League,https://www.football-data.co.uk/new/JPN.csv
19/03/2022,05:00,J1 League,https://www.football-data.co.uk/new/JPN.csv
19/03/2022,05:00,J1 League,https://www.football-data.co.uk/new/JPN.csv
19/03/2022,06:00,J1 League,https://www.football-data.co.uk/new/JPN.csv
19/03/2022,06:00,J1 League,https://www.football-data.co.uk/new/JPN.csv
19/03/2022,07:00,J1 League,https://www.football-data.co.uk/new/JPN.csv
20/03/2022,05:00,J1 League,https://www.football-data.co.uk/new/JPN.csv
01/04/2022,11:00,J1 League,https://www.football-data.co.uk/new/JPN.csv
02/04/2022,06:00,J1 League,https://www.football-data.co.uk/new/JPN.csv
02/04/2022,07:00,J1 League,https://www.football-data.co.uk/new/JPN.csv
02/04/2022,07:00,J1 League,https://www.football-data.co.uk/new/JPN.csv
02/04/2022,07:00,J1 League,https://www.football-data.co.uk/new/JPN.csv
02/04/2022,08:00,J1 League,https://www.football-data.co.uk/new/JPN.csv
02/04/2022,08:00,J1 League,https://www.football-data.co.uk/new/JPN.csv
02/04/2022,11:00,J1 League,https://www.football-data.co.uk/new/JPN.csv
02/04/2022,11:00,J1 League,https://www.football-data.co.uk/new/JPN.csv
06/04/2022,11:00,J1 League,https://www.football-data.co.uk/new/JPN.csv
06/04/2022,11:00,J1 League,https://www.football-data.co.uk/new/JPN.csv
06/04/2022,11:30,J1 League,https://www.football-data.co.uk/new/JPN.csv
06/04/2022,11:00,J1 League,https://www.football-data.co.uk/new/JPN.csv
06/04/2022,11:30,J1 League,https://www.football-data.co.uk/new/JPN.csv
06/04/2022,10:30,J1 League,https://www.football-data.co.uk/new/JPN.csv
06/04/2022,11:00,J1 League,https://www.football-data.co.uk/new/JPN.csv
05/04/2022,11:00,J1 League,https://www.football-data.co.uk/new/JPN.csv
06/04/2022,11:00,J1 League,https://www.football-data.co.uk/new/JPN.csv
09/04/2022,11:00,J1 League,https://www.football-data.co.uk/new/JPN.csv
10/04/2022,05:00,J1 League,https://www.football-data.co.uk/new/JPN.csv
10/04/2022,06:00,J1 League,https://www.football-data.co.uk/new/JPN.csv
10/04/2022,06:00,J1 League,https://www.football-data.co.uk/new/JPN.csv
10/04/2022,06:00,J1 League,https://www.football-data.co.uk/new/JPN.csv
10/04/2022,07:00,J1 League,https://www.football-data.co.uk/new/JPN.csv
10/04/2022,07:00,J1 League,https://www.football-data.co.uk/new/JPN.csv
10/04/2022,07:00,J1 League,https://www.football-data.co.uk/new/JPN.csv
10/04/2022,08:00,J1 League,https://www.football-data.co.uk/new/JPN.csv
16/04/2022,05:00,J1 League,https://www.football-data.co.uk/new/JPN.csv
17/04/2022,06:00,J1 League,https://www.football-data.co.uk/new/JPN.csv
17/04/2022,07:00,J1 League,https://www.football-data.co.uk/new/JPN.csv
17/04/2022,07:00,J1 League,https://www.football-data.co.uk/new/JPN.csv
17/04/2022,08:00,J1 League,https://www.football-data.co.uk/new/JPN.csv
17/04/2022,09:00,J1 League,https://www.football-data.co.uk/new/JPN.csv
17/04/2022,11:00,J1 League,https://www.football-data.co.uk/new/JPN.csv
20/04/2022,11:00,J1 League,https://www.football-data.co.uk/new/JPN.csv
28/04/2022,11:00,J1 League,https://www.football-data.co.uk/new/JPN.csv
29/04/2022,05:05,J1 League,https://www.football-data.co.uk/new/JPN.csv
29/04/2022,06:00,J1 League,https://www.football-data.co.uk/new/JPN.csv
29/04/2022,07:00,J1 League,https://www.football-data.co.uk/new/JPN.csv
29/04/2022,08:00,J1 League,https://www.football-data.co.uk/new/JPN.csv
29/04/2022,08:00,J1 League,https://www.football-data.co.uk/new/JPN.csv
29/04/2022,11:00,J1 League,https://www.football-data.co.uk/new/JPN.csv
03/05/2022,06:00,J1 League,https://www.football-data.co.uk/new/JPN.csv
03/05/2022,06:00,J1 League,https://www.football-data.co.uk/new/JPN.csv
03/05/2022,07:00,J1 League,https://www.football-data.co.uk/new/JPN.csv
03/05/2022,07:00,J1 League,https://www.football-data.co.uk/new/JPN.csv
03/05/2022,07:00,J1 League,https://www.football-data.co.uk/new/JPN.csv
03/05/2022,09:00,J1 League,https://www.football-data.co.uk/new/JPN.csv
04/05/2022,06:00,J1 League,https://www.football-data.co.uk/new/JPN.csv
06/05/2022,11:00,J1 League,https://www.football-data.co.uk/new/JPN.csv
07/05/2022,06:00,J1 League,https://www.football-data.co.uk/new/JPN.csv
07/05/2022,06:00,J1 League,https://www.football-data.co.uk/new/JPN.csv
07/05/2022,07:00,J1 League,https://www.football-data.co.uk/new/JPN.csv
07/05/2022,08:00,J1 League,https://www.football-data.co.uk/new/JPN.csv
07/05/2022,09:00,J1 League,https://www.football-data.co.uk/new/JPN.csv
08/05/2022,06:00,J1 League,https://www.football-data.co.uk/new/JPN.csv
08/05/2022,07:00,J1 League,https://www.football-data.co.uk/new/JPN.csv
08/05/2022,08:00,J1 League,https://www.football-data.co.uk/new/JPN.csv
13/05/2022,11:30,J1 League,https://www.football-data.co.uk/new/JPN.csv
14/05/2022,06:00,J1 League,https://www.football-data.co.uk/new/JPN.csv
14/05/2022,06:00,J1 League,https://www.football-data.co.uk/new/JPN.csv
14/05/2022,06:00,J1 League,https://www.football-data.co.uk/new/JPN.csv
14/05/2022,07:00,J1 League,https://www.football-data.co.uk/new/JPN.csv
14/05/2022,07:00,J1 League,https://www.football-data.co.uk/new/JPN.csv
14/05/2022,08:00,J1 League,https://www.football-data.co.uk/new/JPN.csv
14/05/2022,08:00,J1 League,https://www.football-data.co.uk/new/JPN.csv
14/05/2022,11:00,J1 League,https://www.football-data.co.uk/new/JPN.csv
18/05/2022,11:00,J1 League,https://www.football-data.co.uk/new/JPN.csv
18/05/2022,11:30,J1 League,https://www.football-data.co.uk/new/JPN.csv
21/05/2022,05:00,J1 League,https://www.football-data.co.uk/new/JPN.csv
21/05/2022,06:00,J1 League,https://www.football-data.co.uk/new/JPN.csv
21/05/2022,06:00,J1 League,https://www.football-data.co.uk/new/JPN.csv
21/05/2022,07:00,J1 League,https://www.football-data.co.uk/new/JPN.csv
21/05/2022,07:00,J1 League,https://www.football-data.co.uk/new/JPN.csv
21/05/2022,09:00,J1 League,https://www.football-data.co.uk/new/JPN.csv
21/05/2022,09:00,J1 League,https://www.football-data.co.uk/new/JPN.csv
21/05/2022,11:00,J1 League,https://www.football-data.co.uk/new/JPN.csv
22/05/2022,07:00,J1 League,https://www.football-data.co.uk/new/JPN.csv
25/05/2022,11:00,J1 League,https://www.football-data.co.uk/new/JPN.csv
25/05/2022,11:00,J1 League,https://www.football-data.co.uk/new/JPN.csv
25/05/2022,11:00,J1 League,https://www.football-data.co.uk/new/JPN.csv
25/05/2022,11:00,J1 League,https://www.football-data.co.uk/new/JPN.csv
25/05/2022,11:00,J1 League,https://www.football-data.co.uk/new/JPN.csv
25/05/2022,11:00,J1 League,https://www.football-data.co.uk/new/JPN.csv
25/05/2022,11:00,J1 League,https://www.football-data.co.uk/new/JPN.csv
25/05/2022,11:30,J1 League,https://www.football-data.co.uk/new/JPN.csv
28/05/2022,06:00,J1 League,https://www.football-data.co.uk/new/JPN.csv
28/05/2022,09:00,J1 League,https://www.football-data.co.uk/new/JPN.csv
29/05/2022,05:05,J1 League,https://www.football-data.co.uk/new/JPN.csv
29/05/2022,06:00,J1 League,https://www.football-data.co.uk/new/JPN.csv
29/05/2022,07:00,J1 League,https://www.football-data.co.uk/new/JPN.csv
29/05/2022,07:00,J1 League,https://www.football-data.co.uk/new/JPN.csv
29/05/2022,08:00,J1 League,https://www.football-data.co.uk/new/JPN.csv
29/05/2022,08:00,J1 League,https://www.football-data.co.uk/new/JPN.csv
29/05/2022,09:00,J1 League,https://www.football-data.co.uk/new/JPN.csv
18/06/2022,10:00,J1 League,https://www.football-data.co.uk/new/JPN.csv
18/06/2022,10:00,J1 League,https://www.football-data.co.uk/new/JPN.csv
18/06/2022,10:00,J1 League,https://www.football-data.co.uk/new/JPN.csv
18/06/2022,10:00,J1 League,https://www.football-data.co.uk/new/JPN.csv
18/06/2022,11:00,J1 League,https://www.football-data.co.uk/new/JPN.csv
18/06/2022,11:00,J1 League,https://www.football-data.co.uk/new/JPN.csv
18/06/2022,11:00,J1 League,https://www.football-data.co.uk/new/JPN.csv
18/06/2022,11:00,J1 League,https://www.football-data.co.uk/new/JPN.csv
18/06/2022,11:00,J1 League,https://www.football-data.co.uk/new/JPN.csv
25/06/2022,08:00,J1 League,https://www.football-data.co.uk/new/JPN.csv
25/06/2022,10:30,J1 League,https://www.football-data.co.uk/new/JPN.csv
25/06/2022,11:00,J1 League,https://www.football-data.co.uk/new/JPN.csv
26/06/2022,06:00,J1 League,https://www.football-data.co.uk/new/JPN.csv
26/06/2022,10:00,J1 League,https://www.football-data.co.uk/new/JPN.csv
26/06/2022,10:00,J1 League,https://www.football-data.co.uk/new/JPN.csv
26/06/2022,10:00,J1 League,https://www.football-data.co.uk/new/JPN.csv
26/06/2022,10:30,J1 League,https://www.football-data.co.uk/new/JPN.csv
26/06/2022,11:00,J1 League,https://www.football-data.co.uk/new/JPN.csv
29/06/2022,11:00,J1 League,https://www.football-data.co.uk/new/JPN.csv
02/07/2022,10:00,J1 League,https://www.football-data.co.uk/new/JPN.csv
02/07/2022,10:30,J1 League,https://www.football-data.co.uk/new/JPN.csv
02/07/2022,10:30,J1 League,https://www.football-data.co.uk/new/JPN.csv
02/07/2022,10:30,J1 League,https://www.football-data.co.uk/new/JPN.csv
02/07/2022,11:00,J1 League,https://www.football-data.co.uk/new/JPN.csv
02/07/2022,11:00,J1 League,https://www.football-data.co.uk/new/JPN.csv
02/07/2022,11:00,J1 League,https://www.football-data.co.uk/new/JPN.csv
02/07/2022,11:00,J1 League,https://www.football-data.co.uk/new/JPN.csv
02/07/2022,11:30,J1 League,https://www.football-data.co.uk/new/JPN.csv
06/07/2022,11:00,J1 League,https://www.football-data.co.uk/new/JPN.csv
06/07/2022,11:00,J1 League,https://www.football-data.co.uk/new/JPN.csv
06/07/2022,11:00,J1 League,https://www.football-data.co.uk/new/JPN.csv
06/07/2022,11:00,J1 League,https://www.football-data.co.uk/new/JPN.csv
06/07/2022,11:00,J1 League,https://www.football-data.co.uk/new/JPN.csv
06/07/2022,11:00,J1 League,https://www.football-data.co.uk/new/JPN.csv
06/07/2022,11:00,J1 League,https://www.football-data.co.uk/new/JPN.csv
06/07/2022,11:30,J1 League,https://www.football-data.co.uk/new/JPN.csv
09/07/2022,11:00,J1 League,https://www.football-data.co.uk/new/JPN.csv
09/07/2022,11:00,J1 League,https://www.football-data.co.uk/new/JPN.csv
10/07/2022,06:00,J1 League,https://www.football-data.co.uk/new/JPN.csv
10/07/2022,10:00,J1 League,https://www.football-data.co.uk/new/JPN.csv
10/07/2022,10:00,J1 League,https://www.football-data.co.uk/new/JPN.csv
10/07/2022,11:00,J1 League,https://www.football-data.co.uk/new/JPN.csv
10/07/2022,11:00,J1 League,https://www.football-data.co.uk/new/JPN.csv
10/07/2022,11:00,J1 League,https://www.football-data.co.uk/new/JPN.csv
10/07/2022,11:00,J1 League,https://www.football-data.co.uk/new/JPN.csv
16/07/2022,10:00,J1 League,https://www.football-data.co.uk/new/JPN.csv
16/07/2022,10:00,J1 League,https://www.football-data.co.uk/new/JPN.csv
16/07/2022,11:00,J1 League,https://www.football-data.co.uk/new/JPN.csv
16/07/2022,11:00,J1 League,https://www.football-data.co.uk/new/JPN.csv
16/07/2022,11:00,J1 League,https://www.football-data.co.uk/new/JPN.csv
16/07/2022,11:00,J1 League,https://www.football-data.co.uk/new/JPN.csv
17/07/2022,10:00,J1 League,https://www.football-data.co.uk/new/JPN.csv
17/07/2022,10:30,J1 League,https://www.football-data.co.uk/new/JPN.csv
30/07/2022,06:00,J1 League,https://www.football-data.co.uk/new/JPN.csv
30/07/2022,10:30,J1 League,https://www.football-data.co.uk/new/JPN.csv
30/07/2022,11:00,J1 League,https://www.football-data.co.uk/new/JPN.csv
30/07/2022,11:00,J1 League,https://www.football-data.co.uk/new/JPN.csv
30/07/2022,11:00,J1 League,https://www.football-data.co.uk/new/JPN.csv
30/07/2022,11:00,J1 League,https://www.football-data.co.uk/new/JPN.csv
30/07/2022,11:00,J1 League,https://www.football-data.co.uk/new/JPN.csv
30/07/2022,11:00,J1 League,https://www.football-data.co.uk/new/JPN.csv
31/07/2022,10:00,J1 League,https://www.football-data.co.uk/new/JPN.csv
06/08/2022,10:00,J1 League,https://www.football-data.co.uk/new/JPN.csv
06/08/2022,10:30,J1 League,https://www.football-data.co.uk/new/JPN.csv
06/08/2022,11:00,J1 League,https://www.football-data.co.uk/new/JPN.csv
06/08/2022,11:00,J1 League,https://www.football-data.co.uk/new/JPN.csv
07/08/2022,10:00,J1 League,https://www.football-data.co.uk/new/JPN.csv
07/08/2022,11:00,J1 League,https://www.football-data.co.uk/new/JPN.csv
07/08/2022,11:00,J1 League,https://www.football-data.co.uk/new/JPN.csv
07/08/2022,11:00,J1 League,https://www.football-data.co.uk/new/JPN.csv
13/08/2022,06:00,J1 League,https://www.football-data.co.uk/new/JPN.csv
13/08/2022,10:30,J1 League,https://www.football-data.co.uk/new/JPN.csv
14/08/2022,10:00,J1 League,https://www.football-data.co.uk/new/JPN.csv
14/08/2022,10:30,J1 League,https://www.football-data.co.uk/new/JPN.csv
14/08/2022,11:00,J1 League,https://www.football-data.co.uk/new/JPN.csv
14/08/2022,11:00,J1 League,https://www.football-data.co.uk/new/JPN.csv
19/08/2022,11:30,J1 League,https://www.football-data.co.uk/new/JPN.csv
20/08/2022,06:00,J1 League,https://www.football-data.co.uk/new/JPN.csv
20/08/2022,10:03,J1 League,https://www.football-data.co.uk/new/JPN.csv
20/08/2022,11:00,J1 League,https://www.football-data.co.uk/new/JPN.csv
20/08/2022,11:00,J1 League,https://www.football-data.co.uk/new/JPN.csv
21/08/2022,11:00,J1 League,https://www.football-data.co.uk/new/JPN.csv
26/08/2022,11:00,J1 League,https://www.football-data.co.uk/new/JPN.csv
27/08/2022,10:00,J1 League,https://www.football-data.co.uk/new/JPN.csv
27/08/2022,10:00,J1 League,https://www.football-data.co.uk/new/JPN.csv
27/08/2022,11:00,J1 League,https://www.football-data.co.uk/new/JPN.csv
27/08/2022,11:00,J1 League,https://www.football-data.co.uk/new/JPN.csv
27/08/2022,11:00,J1 League,https://www.football-data.co.uk/new/JPN.csv
31/08/2022,11:00,J1 League,https://www.football-data.co.uk/new/JPN.csv
31/08/2022,11:00,J1 League,https://www.football-data.co.uk/new/JPN.csv
02/09/2022,11:30,J1 League,https://www.football-data.co.uk/new/JPN.csv
03/09/2022,10:00,J1 League,https://www.football-data.co.uk/new/JPN.csv
03/09/2022,10:30,J1 League,https://www.football-data.co.uk/new/JPN.csv
03/09/2022,10:30,J1 League,https://www.football-data.co.uk/new/JPN.csv
03/09/2022,11:00,J1 League,https://www.football-data.co.uk/new/JPN.csv
03/09/2022,11:00,J1 League,https://www.football-data.co.uk/new/JPN.csv
03/09/2022,11:00,J1 League,https://www.football-data.co.uk/new/JPN.csv
03/09/2022,11:00,J1 League,https://www.football-data.co.uk/new/JPN.csv
03/09/2022,11:00,J1 League,https://www.football-data.co.uk/new/JPN.csv
07/09/2022,11:00,J1 League,https://www.football-data.co.uk/new/JPN.csv
10/09/2022,10:00,J1 League,https://www.football-data.co.uk/new/JPN.csv
10/09/2022,10:30,J1 League,https://www.football-data.co.uk/new/JPN.csv
10/09/2022,11:00,J1 League,https://www.football-data.co.uk/new/JPN.csv
10/09/2022,11:00,J1 League,https://www.football-data.co.uk/new/JPN.csv
10/09/2022,11:00,J1 League,https://www.football-data.co.uk/new/JPN.csv
10/09/2022,11:00,J1 League,https://www.football-data.co.uk/new/JPN.csv
10/09/2022,11:00,J1 League,https://www.football-data.co.uk/new/JPN.csv
10/09/2022,11:00,J1 League,https://www.football-data.co.uk/new/JPN.csv
11/09/2022,05:05,J1 League,https://www.football-data.co.uk/new/JPN.csv
14/09/2022,11:00,J1 League,https://www.football-data.co.uk/new/JPN.csv
14/09/2022,11:00,J1 League,https://www.football-data.co.uk/new/JPN.csv
14/09/2022,11:30,J1 League,https://www.football-data.co.uk/new/JPN.csv
14/09/2022,11:30,J1 League,https://www.football-data.co.uk/new/JPN.csv
16/09/2022,11:00,J1 League,https://www.football-data.co.uk/new/JPN.csv
17/09/2022,10:00,J1 League,https://www.football-data.co.uk/new/JPN.csv
17/09/2022,11:00,J1 League,https://www.football-data.co.uk/new/JPN.csv
17/09/2022,11:00,J1 League,https://www.football-data.co.uk/new/JPN.csv
17/09/2022,11:00,J1 League,https://www.football-data.co.uk/new/JPN.csv
17/09/2022,11:00,J1 League,https://www.football-data.co.uk/new/JPN.csv
18/09/2022,06:00,J1 League,https://www.football-data.co.uk/new/JPN.csv
18/09/2022,11:00,J1 League,https://www.football-data.co.uk/new/JPN.csv
18/09/2022,11:00,J1 League,https://www.football-data.co.uk/new/JPN.csv
01/10/2022,06:00,J1 League,https://www.football-data.co.uk/new/JPN.csv
01/10/2022,06:00,J1 League,https://www.football-data.co.uk/new/JPN.csv
01/10/2022,07:00,J1 League,https://www.football-data.co.uk/new/JPN.csv
01/10/2022,07:00,J1 League,https://www.football-data.co.uk/new/JPN.csv
01/10/2022,07:00,J1 League,https://www.football-data.co.uk/new/JPN.csv
01/10/2022,08:00,J1 League,https://www.football-data.co.uk/new/JPN.csv
01/10/2022,08:00,J1 League,https://www.football-data.co.uk/new/JPN.csv
01/10/2022,08:00,J1 League,https://www.football-data.co.uk/new/JPN.csv
08/10/2022,06:00,J1 League,https://www.football-data.co.uk/new/JPN.csv
08/10/2022,06:00,J1 League,https://www.football-data.co.uk/new/JPN.csv
08/10/2022,06:00,J1 League,https://www.football-data.co.uk/new/JPN.csv
08/10/2022,06:00,J1 League,https://www.football-data.co.uk/new/JPN.csv
08/10/2022,06:00,J1 League,https://www.football-data.co.uk/new/JPN.csv
08/10/2022,06:00,J1 League,https://www.football-data.co.uk/new/JPN.csv
08/10/2022,07:00,J1 League,https://www.football-data.co.uk/new/JPN.csv
08/10/2022,07:00,J1 League,https://www.football-data.co.uk/new/JPN.csv
08/10/2022,08:00,J1 League,https://www.football-data.co.uk/new/JPN.csv
12/10/2022,11:00,J1 League,https://www.football-data.co.uk/new/JPN.csv
12/10/2022,11:00,J1 League,https://www.football-data.co.uk/new/JPN.csv
12/10/2022,11:00,J1 League,https://www.football-data.co.uk/new/JPN.csv
12/10/2022,11:00,J1 League,https://www.football-data.co.uk/new/JPN.csv
12/10/2022,11:30,J1 League,https://www.football-data.co.uk/new/JPN.csv
22/10/2022,08:00,J1 League,https://www.football-data.co.uk/new/JPN.csv
29/10/2022,07:00,J1 League,https://www.football-data.co.uk/new/JPN.csv
29/10/2022,07:00,J1 League,https://www.football-data.co.uk/new/JPN.csv
29/10/2022,07:00,J1 League,https://www.football-data.co.uk/new/JPN.csv
29/10/2022,07:00,J1 League,https://www.football-data.co.uk/new/JPN.csv
29/10/2022,07:00,J1 League,https://www.football-data.co.uk/new/JPN.csv
29/10/2022,07:00,J1 League,https://www.football-data.co.uk/new/JPN.csv
29/10/2022,07:00,J1 League,https://www.football-data.co.uk/new/JPN.csv
29/10/2022,07:00,J1 League,https://www.football-data.co.uk/new/JPN.csv
29/10/2022,07:00,J1 League,https://www.football-data.co.uk/new/JPN.csv
30/10/2022,04:05,J1 League,https://www.football-data.co.uk/new/JPN.csv
30/10/2022,05:00,J1 League,https://www.football-data.co.uk/new/JPN.csv
05/11/2022,05:00,J1 League,https://www.football-data.co.uk/new/JPN.csv
05/11/2022,05:00,J1 League,https://www.football-data.co.uk/new/JPN.csv
05/11/2022,05:00,J1 League,https://www.football-data.co.uk/new/JPN.csv
05/11/2022,05:00,J1 League,https://www.football-data.co.uk/new/JPN.csv
05/11/2022,05:00,J1 League,https://www.football-data.co.uk/new/JPN.csv
05/11/2022,05:00,J1 League,https://www.football-data.co.uk/new/JPN.csv
05/11/2022,05:00,J1 League,https://www.football-data.co.uk/new/JPN.csv
05/11/2022,05:00,J1 League,https://www.football-data.co.uk/new/JPN.csv
05/11/2022,05:00,J1 League,https://www.football-data.co.uk/new/JPN.csv
06/11/2022,04:05,J1 League,https://www.football-data.co.uk/new/JPN.csv
13/11/2022,04:05,J1 League,https://www.football-data.co.uk/new/JPN.csv
17/02/2023,10:00,J1 League,https://www.football-data.co.uk/new/JPN.csv
18/02/2023,05:00,J1 League,https://www.football-data.co.uk/new/JPN.csv
18/02/2023,05:00,J1 League,https://www.football-data.co.uk/new/JPN.csv
18/02/2023,05:00,J1 League,https://www.football-data.co.uk/new/JPN.csv
18/02/2023,05:00,J1 League,https://www.football-data.co.uk/new/JPN.csv
18/02/2023,05:00,J1 League,https://www.football-data.co.uk/new/JPN.csv
18/02/2023,05:00,J1 League,https://www.football-data.co.uk/new/JPN.csv
18/02/2023,06:00,J1 League,https://www.football-data.co.uk/new/JPN.csv
18/02/2023,06:00,J1 League,https://www.football-data.co.uk/new/JPN.csv
24/02/2023,10:00,J1 League,https://www.football-data.co.uk/new/JPN.csv
25/02/2023,05:00,J1 League,https://www.football-data.co.uk/new/JPN.csv
25/02/2023,06:00,J1 League,https://www.football-data.co.uk/new/JPN.csv
25/02/2023,06:00,J1 League,https://www.football-data.co.uk/new/JPN.csv
25/02/2023,06:00,J1 League,https://www.football-data.co.uk/new/JPN.csv
25/02/2023,07:00,J1 League,https://www.football-data.co.uk/new/JPN.csv
25/02/2023,07:00,J1 League,https://www.football-data.co.uk/new/JPN.csv
26/02/2023,05:00,J1 League,https://www.football-data.co.uk/new/JPN.csv
26/02/2023,06:00,J1 League,https://www.football-data.co.uk/new/JPN.csv
03/03/2023,10:00,J1 League,https://www.football-data.co.uk/new/JPN.csv
04/03/2023,04:00,J1 League,https://www.football-data.co.uk/new/JPN.csv
04/03/2023,05:00,J1 League,https://www.football-data.co.uk/new/JPN.csv
04/03/2023,05:00,J1 League,https://www.football-data.co.uk/new/JPN.csv
04/03/2023,05:00,J1 League,https://www.football-data.co.uk/new/JPN.csv
04/03/2023,05:00,J1 League,https://www.football-data.co.uk/new/JPN.csv
04/03/2023,06:00,J1 League,https://www.football-data.co.uk/new/JPN.csv
04/03/2023,06:00,J1 League,https://www.football-data.co.uk/new/JPN.csv
04/03/2023,06:00,J1 League,https://www.football-data.co.uk/new/JPN.csv
11/03/2023,05:00,J1 League,https://www.football-data.co.uk/new/JPN.csv
11/03/2023,05:00,J1 League,https://www.football-data.co.uk/new/JPN.csv
12/03/2023,05:00,J1 League,https://www.football-data.co.uk/new/JPN.csv
12/03/2023,06:00,J1 League,https://www.football-data.co.uk/new/JPN.csv
12/03/2023,06:00,J1 League,https://www.football-data.co.uk/new/JPN.csv
12/03/2023,06:00,J1 League,https://www.football-data.co.uk/new/JPN.csv
12/03/2023,06:00,J1 League,https://www.football-data.co.uk/new/JPN.csv
12/03/2023,06:00,J1 League,https://www.football-data.co.uk/new/JPN.csv
12/03/2023,07:00,J1 League,https://www.football-data.co.uk/new/JPN.csv
18/03/2023,05:00,J1 League,https://www.football-data.co.uk/new/JPN.csv
18/03/2023,05:00,J1 League,https://www.football-data.co.uk/new/JPN.csv
18/03/2023,05:00,J1 League,https://www.football-data.co.uk/new/JPN.csv
18/03/2023,06:00,J1 League,https://www.football-data.co.uk/new/JPN.csv
18/03/2023,06:00,J1 League,https://www.football-data.co.uk/new/JPN.csv
18/03/2023,06:00,J1 League,https://www.football-data.co.uk/new/JPN.csv
18/03/2023,07:00,J1 League,https://www.football-data.co.uk/new/JPN.csv
19/03/2023,05:00,J1 League,https://www.football-data.co.uk/new/JPN.csv
19/03/2023,05:00,J1 League,https://www.football-data.co.uk/new/JPN.csv
31/03/2023,11:00,J1 League,https://www.football-data.co.uk/new/JPN.csv
01/04/2023,06:00,J1 League,https://www.football-data.co.uk/new/JPN.csv
01/04/2023,06:00,J1 League,https://www.football-data.co.uk/new/JPN.csv
01/04/2023,06:00,J1 League,https://www.football-data.co.uk/new/JPN.csv
01/04/2023,07:00,J1 League,https://www.football-data.co.uk/new/JPN.csv
01/04/2023,07:00,J1 League,https://www.football-data.co.uk/new/JPN.csv
01/04/2023,07:00,J1 League,https://www.football-data.co.uk/new/JPN.csv
01/04/2023,08:00,J1 League,https://www.football-data.co.uk/new/JPN.csv
01/04/2023,11:00,J1 League,https://www.football-data.co.uk/new/JPN.csv
08/04/2023,11:00,J1 League,https://www.football-data.co.uk/new/JPN.csv
09/04/2023,06:00,J1 League,https://www.football-data.co.uk/new/JPN.csv
09/04/2023,06:00,J1 League,https://www.football-data.co.uk/new/JPN.csv
09/04/2023,06:00,J1 League,https://www.football-data.co.uk/new/JPN.csv
09/04/2023,07:00,J1 League,https://www.football-data.co.uk/new/JPN.csv
09/04/2023,07:00,J1 League,https://www.football-data.co.uk/new/JPN.csv
09/04/2023,07:00,J1 League,https://www.football-data.co.uk/new/JPN.csv
09/04/2023,07:00,J1 League,https://www.football-data.co.uk/new/JPN.csv
09/04/2023,11:00,J1 League,https://www.football-data.co.uk/new/JPN.csv
15/04/2023,06:00,J1 League,https://www.football-data.co.uk/new/JPN.csv
15/04/2023,06:00,J1 League,https://www.football-data.co.uk/new/JPN.csv
15/04/2023,07:00,J1 League,https://www.football-data.co.uk/new/JPN.csv
15/04/2023,07:00,J1 League,https://www.football-data.co.uk/new/JPN.csv
15/04/2023,07:00,J1 League,https://www.football-data.co.uk/new/JPN.csv
15/04/2023,07:00,J1 League,https://www.football-data.co.uk/new/JPN.csv
15/04/2023,08:00,J1 League,https://www.football-data.co.uk/new/JPN.csv
15/04/2023,08:00,J1 League,https://www.football-data.co.uk/new/JPN.csv
15/04/2023,08:00,J1 League,https://www.football-data.co.uk/new/JPN.csv
22/04/2023,06:00,J1 League,https://www.football-data.co.uk/new/JPN.csv
22/04/2023,11:00,J1 League,https://www.football-data.co.uk/new/JPN.csv
23/04/2023,06:00,J1 League,https://www.football-data.co.uk/new/JPN.csv
23/04/2023,06:00,J1 League,https://www.football-data.co.uk/new/JPN.csv
23/04/2023,06:00,J1 League,https://www.football-data.co.uk/new/JPN.csv
23/04/2023,06:00,J1 League,https://www.football-data.co.uk/new/JPN.csv
23/04/2023,07:00,J1 League,https://www.football-data.co.uk/new/JPN.csv
23/04/2023,08:00,J1 League,https://www.football-data.co.uk/new/JPN.csv
23/04/2023,08:00,J1 League,https://www.football-data.co.uk/new/JPN.csv
29/04/2023,06:00,J1 League,https://www.football-data.co.uk/new/JPN.csv
29/04/2023,06:00,J1 League,https://www.football-data.co.uk/new/JPN.csv
29/04/2023,06:00,J1 League,https://www.football-data.co.uk/new/JPN.csv
29/04/2023,07:00,J1 League,https://www.football-data.co.uk/new/JPN.csv
29/04/2023,07:00,J1 League,https://www.football-data.co.uk/new/JPN.csv
29/04/2023,07:00,J1 League,https://www.football-data.co.uk/new/JPN.csv
29/04/2023,09:00,J1 League,https://www.football-data.co.uk/new/JPN.csv
29/04/2023,11:00,J1 League,https://www.football-data.co.uk/new/JPN.csv
03/05/2023,06:00,J1 League,https://www.football-data.co.uk/new/JPN.csv
03/05/2023,06:00,J1 League,https://www.football-data.co.uk/new/JPN.csv
03/05/2023,06:00,J1 League,https://www.football-data.co.uk/new/JPN.csv
03/05/2023,07:00,J1 League,https://www.football-data.co.uk/new/JPN.csv
03/05/2023,07:00,J1 League,https://www.football-data.co.uk/new/JPN.csv
03/05/2023,07:00,J1 League,https://www.football-data.co.uk/new/JPN.csv
03/05/2023,07:00,J1 League,https://www.football-data.co.uk/new/JPN.csv
03/05/2023,11:00,J1 League,https://www.football-data.co.uk/new/JPN.csv
06/05/2023,06:00,J1 League,https://www.football-data.co.uk/new/JPN.csv
06/05/2023,11:00,J1 League,https://www.football-data.co.uk/new/JPN.csv
07/05/2023,05:00,J1 League,https://www.football-data.co.uk/new/JPN.csv
07/05/2023,06:00,J1 League,https://www.football-data.co.uk/new/JPN.csv
07/05/2023,06:00,J1 League,https://www.football-data.co.uk/new/JPN.csv
07/05/2023,06:00,J1 League,https://www.football-data.co.uk/new/JPN.csv
07/05/2023,06:00,J1 League,https://www.football-data.co.uk/new/JPN.csv
07/05/2023,07:00,J1 League,https://www.football-data.co.uk/new/JPN.csv
10/05/2023,11:30,J1 League,https://www.football-data.co.uk/new/JPN.csv
12/05/2023,11:30,J1 League,https://www.football-data.co.uk/new/JPN.csv
13/05/2023,06:00,J1 League,https://www.football-data.co.uk/new/JPN.csv
13/05/2023,07:00,J1 League,https://www.football-data.co.uk/new/JPN.csv
13/05/2023,08:00,J1 League,https://www.football-data.co.uk/new/JPN.csv
14/05/2023,05:30,J1 League,https://www.football-data.co.uk/new/JPN.csv
14/05/2023,05:30,J1 League,https://www.football-data.co.uk/new/JPN.csv
14/05/2023,05:30,J1 League,https://www.football-data.co.uk/new/JPN.csv
14/05/2023,05:30,J1 League,https://www.football-data.co.uk/new/JPN.csv
14/05/2023,08:00,J1 League,https://www.football-data.co.uk/new/JPN.csv
19/05/2023,11:30,J1 League,https://www.football-data.co.uk/new/JPN.csv
20/05/2023,05:00,J1 League,https://www.football-data.co.uk/new/JPN.csv
20/05/2023,07:00,J1 League,https://www.football-data.co.uk/new/JPN.csv
20/05/2023,07:00,J1 League,https://www.football-data.co.uk/new/JPN.csv
20/05/2023,07:00,J1 League,https://www.football-data.co.uk/new/JPN.csv
20/05/2023,08:00,J1 League,https://www.football-data.co.uk/new/JPN.csv
20/05/2023,08:00,J1 League,https://www.football-data.co.uk/new/JPN.csv
20/05/2023,09:00,J1 League,https://www.football-data.co.uk/new/JPN.csv
20/05/2023,11:00,J1 League,https://www.football-data.co.uk/new/JPN.csv
27/05/2023,05:00,J1 League,https://www.football-data.co.uk/new/JPN.csv
27/05/2023,06:00,J1 League,https://www.football-data.co.uk/new/JPN.csv
27/05/2023,06:00,J1 League,https://www.football-data.co.uk/new/JPN.csv
27/05/2023,09:00,J1 League,https://www.football-data.co.uk/new/JPN.csv
27/05/2023,11:00,J1 League,https://www.football-data.co.uk/new/JPN.csv
28/05/2023,06:00,J1 League,https://www.football-data.co.uk/new/JPN.csv
28/05/2023,06:00,J1 League,https://www.football-data.co.uk/new/JPN.csv
28/05/2023,06:00,J1 League,https://www.football-data.co.uk/new/JPN.csv
28/05/2023,09:00,J1 League,https://www.football-data.co.uk/new/JPN.csv
31/05/2023,11:30,J1 League,https://www.football-data.co.uk/new/JPN.csv
03/06/2023,07:00,J1 League,https://www.football-data.co.uk/new/JPN.csv
03/06/2023,07:00,J1 League,https://www.football-data.co.uk/new/JPN.csv
03/06/2023,08:00,J1 League,https://www.football-data.co.uk/new/JPN.csv
03/06/2023,10:00,J1 League,https://www.football-data.co.uk/new/JPN.csv
03/06/2023,10:30,J1 League,https://www.football-data.co.uk/new/JPN.csv
03/06/2023,11:00,J1 League,https://www.football-data.co.uk/new/JPN.csv
04/06/2023,06:00,J1 League,https://www.football-data.co.uk/new/JPN.csv
04/06/2023,09:00,J1 League,https://www.football-data.co.uk/new/JPN.csv
10/06/2023,08:00,J1 League,https://www.football-data.co.uk/new/JPN.csv
10/06/2023,11:00,J1 League,https://www.football-data.co.uk/new/JPN.csv
10/06/2023,11:00,J1 League,https://www.football-data.co.uk/new/JPN.csv
11/06/2023,06:00,J1 League,https://www.football-data.co.uk/new/JPN.csv
11/06/2023,08:00,J1 League,https://www.football-data.co.uk/new/JPN.csv
11/06/2023,10:00,J1 League,https://www.football-data.co.uk/new/JPN.csv
11/06/2023,10:00,J1 League,https://www.football-data.co.uk/new/JPN.csv
11/06/2023,10:30,J1 League,https://www.football-data.co.uk/new/JPN.csv
11/06/2023,11:00,J1 League,https://www.football-data.co.uk/new/JPN.csv
24/06/2023,06:00,J1 League,https://www.football-data.co.uk/new/JPN.csv
24/06/2023,11:00,J1 League,https://www.football-data.co.uk/new/JPN.csv
24/06/2023,11:00,J1 League,https://www.football-data.co.uk/new/JPN.csv
24/06/2023,11:00,J1 League,https://www.football-data.co.uk/new/JPN.csv
24/06/2023,11:00,J1 League,https://www.football-data.co.uk/new/JPN.csv
24/06/2023,11:00,J1 League,https://www.football-data.co.uk/new/JPN.csv
24/06/2023,11:00,J1 League,https://www.football-data.co.uk/new/JPN.csv
24/06/2023,11:30,J1 League,https://www.football-data.co.uk/new/JPN.csv
25/06/2023,11:00,J1 League,https://www.football-data.co.uk/new/JPN.csv
28/06/2023,11:30,J1 League,https://www.football-data.co.uk/new/JPN.csv
30/06/2023,11:00,J1 League,https://www.football-data.co.uk/new/JPN.csv
01/07/2023,10:00,J1 League,https://www.football-data.co.uk/new/JPN.csv
01/07/2023,10:00,J1 League,https://www.football-data.co.uk/new/JPN.csv
01/07/2023,10:00,J1 League,https://www.football-data.co.uk/new/JPN.csv
01/07/2023,10:30,J1 League,https://www.football-data.co.uk/new/JPN.csv
01/07/2023,11:00,J1 League,https://www.football-data.co.uk/new/JPN.csv
01/07/2023,11:00,J1 League,https://www.football-data.co.uk/new/JPN.csv
01/07/2023,11:00,J1 League,https://www.football-data.co.uk/new/JPN.csv
02/07/2023,11:00,J1 League,https://www.football-data.co.uk/new/JPN.csv
07/07/2023,11:00,J1 League,https://www.football-data.co.uk/new/JPN.csv
08/07/2023,10:00,J1 League,https://www.football-data.co.uk/new/JPN.csv
08/07/2023,10:30,J1 League,https://www.football-data.co.uk/new/JPN.csv
08/07/2023,11:00,J1 League,https://www.football-data.co.uk/new/JPN.csv
08/07/2023,11:00,J1 League,https://www.football-data.co.uk/new/JPN.csv
08/07/2023,11:00,J1 League,https://www.football-data.co.uk/new/JPN.csv
08/07/2023,11:00,J1 League,https://www.football-data.co.uk/new/JPN.csv
08/07/2023,11:00,J1 League,https://www.football-data.co.uk/new/JPN.csv
08/07/2023,11:30,J1 League,https://www.football-data.co.uk/new/JPN.csv
15/07/2023,05:00,J1 League,https://www.football-data.co.uk/new/JPN.csv
15/07/2023,11:00,J1 League,https://www.football-data.co.uk/new/JPN.csv
16/07/2023,10:00,J1 League,https://www.football-data.co.uk/new/JPN.csv
16/07/2023,11:00,J1 League,https://www.football-data.co.uk/new/JPN.csv
16/07/2023,11:00,J1 League,https://www.football-data.co.uk/new/JPN.csv
16/07/2023,11:00,J1 League,https://www.football-data.co.uk/new/JPN.csv
16/07/2023,11:00,J1 League,https://www.football-data.co.uk/new/JPN.csv
16/07/2023,11:00,J1 League,https://www.football-data.co.uk/new/JPN.csv
16/07/2023,11:00,J1 League,https://www.football-data.co.uk/new/JPN.csv
22/07/2023,11:00,J1 League,https://www.football-data.co.uk/new/JPN.csv
05/08/2023,11:00,J1 League,https://www.football-data.co.uk/new/JPN.csv
05/08/2023,11:00,J1 League,https://www.football-data.co.uk/new/JPN.csv
06/08/2023,10:00,J1 League,https://www.football-data.co.uk/new/JPN.csv
06/08/2023,10:30,J1 League,https://www.football-data.co.uk/new/JPN.csv
06/08/2023,11:00,J1 League,https://www.football-data.co.uk/new/JPN.csv
06/08/2023,11:00,J1 League,https://www.football-data.co.uk/new/JPN.csv
06/08/2023,11:00,J1 League,https://www.football-data.co.uk/new/JPN.csv
06/08/2023,11:00,J1 League,https://www.football-data.co.uk/new/JPN.csv
06/08/2023,11:00,J1 League,https://www.football-data.co.uk/new/JPN.csv
12/08/2023,06:00,J1 League,https://www.football-data.co.uk/new/JPN.csv
12/08/2023,10:00,J1 League,https://www.football-data.co.uk/new/JPN.csv
12/08/2023,11:00,J1 League,https://www.football-data.co.uk/new/JPN.csv
12/08/2023,11:00,J1 League,https://www.football-data.co.uk/new/JPN.csv
12/08/2023,11:00,J1 League,https://www.football-data.co.uk/new/JPN.csv
12/08/2023,11:00,J1 League,https://www.football-data.co.uk/new/JPN.csv
12/08/2023,11:30,J1 League,https://www.football-data.co.uk/new/JPN.csv
13/08/2023,10:00,J1 League,https://www.football-data.co.uk/new/JPN.csv
13/08/2023,10:00,J1 League,https://www.football-data.co.uk/new/JPN.csv
18/08/2023,11:00,J1 League,https://www.football-data.co.uk/new/JPN.csv
18/08/2023,11:30,J1 League,https://www.football-data.co.uk/new/JPN.csv
19/08/2023,10:00,J1 League,https://www.football-data.co.uk/new/JPN.csv
19/08/2023,11:00,J1 League,https://www.football-data.co.uk/new/JPN.csv
19/08/2023,11:00,J1 League,https://www.football-data.co.uk/new/JPN.csv
19/08/2023,11:00,J1 League,https://www.football-data.co.uk/new/JPN.csv
19/08/2023,11:00,J1 League,https://www.football-data.co.uk/new/JPN.csv
19/08/2023,11:30,J1 League,https://www.football-data.co.uk/new/JPN.csv
20/08/2023,10:30,J1 League,https://www.football-data.co.uk/new/JPN.csv
25/08/2023,11:00,J1 League,https://www.football-data.co.uk/new/JPN.csv
26/08/2023,10:00,J1 League,https://www.football-data.co.uk/new/JPN.csv
26/08/2023,10:30,J1 League,https://www.football-data.co.uk/new/JPN.csv
26/08/2023,11:00,J1 League,https://www.football-data.co.uk/new/JPN.csv
26/08/2023,11:00,J1 League,https://www.football-data.co.uk/new/JPN.csv
26/08/2023,11:00,J1 League,https://www.football-data.co.uk/new/JPN.csv
26/08/2023,11:00,J1 League,https://www.football-data.co.uk/new/JPN.csv
26/08/2023,11:00,J1 League,https://www.football-data.co.uk/new/JPN.csv
26/08/2023,11:00,J1 League,https://www.football-data.co.uk/new/JPN.csv
02/09/2023,05:00,J1 League,https://www.football-data.co.uk/new/JPN.csv
02/09/2023,10:00,J1 League,https://www.football-data.co.uk/new/JPN.csv
02/09/2023,10:00,J1 League,https://www.football-data.co.uk/new/JPN.csv
02/09/2023,11:00,J1 League,https://www.football-data.co.uk/new/JPN.csv
02/09/2023,11:00,J1 League,https://www.football-data.co.uk/new/JPN.csv
02/09/2023,11:00,J1 League,https://www.football-data.co.uk/new/JPN.csv
02/09/2023,11:00,J1 League,https://www.football-data.co.uk/new/JPN.csv
03/09/2023,11:00,J1 League,https://www.football-data.co.uk/new/JPN.csv
03/09/2023,11:00,J1 League,https://www.football-data.co.uk/new/JPN.csv
15/09/2023,11:00,J1 League,https://www.football-data.co.uk/new/JPN.csv
15/09/2023,11:30,J1 League,https://www.football-data.co.uk/new/JPN.csv
15/09/2023,11:30,J1 League,https://www.football-data.co.uk/new/JPN.csv
16/09/2023,10:00,J1 League,https://www.football-data.co.uk/new/JPN.csv
16/09/2023,11:00,J1 League,https://www.football-data.co.uk/new/JPN.csv
16/09/2023,11:00,J1 League,https://www.football-data.co.uk/new/JPN.csv
16/09/2023,11:00,J1 League,https://www.football-data.co.uk/new/JPN.csv
17/09/2023,10:30,J1 League,https://www.football-data.co.uk/new/JPN.csv
17/09/2023,11:00,J1 League,https://www.football-data.co.uk/new/JPN.csv
23/09/2023,06:00,J1 League,https://www.football-data.co.uk/new/JPN.csv
23/09/2023,07:00,J1 League,https://www.football-data.co.uk/new/JPN.csv
23/09/2023,08:00,J1 League,https://www.football-data.co.uk/new/JPN.csv
23/09/2023,11:00,J1 League,https://www.football-data.co.uk/new/JPN.csv
23/09/2023,11:00,J1 League,https://www.football-data.co.uk/new/JPN.csv
23/09/2023,11:00,J1 League,https://www.football-data.co.uk/new/JPN.csv
24/09/2023,07:00,J1 League,https://www.football-data.co.uk/new/JPN.csv
24/09/2023,08:00,J1 League,https://www.football-data.co.uk/new/JPN.csv
24/09/2023,09:00,J1 League,https://www.football-data.co.uk/new/JPN.csv
29/09/2023,11:00,J1 League,https://www.football-data.co.uk/new/JPN.csv
29/09/2023,11:00,J1 League,https://www.football-data.co.uk/new/JPN.csv
29/09/2023,11:30,J1 League,https://www.football-data.co.uk/new/JPN.csv
30/09/2023,05:00,J1 League,https://www.football-data.co.uk/new/JPN.csv
30/09/2023,07:00,J1 League,https://www.football-data.co.uk/new/JPN.csv
30/09/2023,10:00,J1 League,https://www.football-data.co.uk/new/JPN.csv
30/09/2023,11:00,J1 League,https://www.football-data.co.uk/new/JPN.csv
30/09/2023,11:00,J1 League,https://www.football-data.co.uk/new/JPN.csv
01/10/2023,07:00,J1 League,https://www.football-data.co.uk/new/JPN.csv
20/10/2023,11:05,J1 League,https://www.football-data.co.uk/new/JPN.csv
20/10/2023,11:30,J1 League,https://www.football-data.co.uk/new/JPN.csv
21/10/2023,05:00,J1 League,https://www.football-data.co.uk/new/JPN.csv
21/10/2023,06:00,J1 League,https://www.football-data.co.uk/new/JPN.csv
21/10/2023,06:00,J1 League,https://www.football-data.co.uk/new/JPN.csv
21/10/2023,06:00,J1 League,https://www.football-data.co.uk/new/JPN.csv
21/10/2023,06:00,J1 League,https://www.football-data.co.uk/new/JPN.csv
21/10/2023,07:00,J1 League,https://www.football-data.co.uk/new/JPN.csv
21/10/2023,08:00,J1 League,https://www.football-data.co.uk/new/JPN.csv
27/10/2023,11:00,J1 League,https://www.football-data.co.uk/new/JPN.csv
28/10/2023,05:00,J1 League,https://www.football-data.co.uk/new/JPN.csv
28/10/2023,06:00,J1 League,https://www.football-data.co.uk/new/JPN.csv
28/10/2023,06:00,J1 League,https://www.football-data.co.uk/new/JPN.csv
28/10/2023,06:00,J1 League,https://www.football-data.co.uk/new/JPN.csv
28/10/2023,06:00,J1 League,https://www.football-data.co.uk/new/JPN.csv
28/10/2023,06:00,J1 League,https://www.football-data.co.uk/new/JPN.csv
28/10/2023,07:00,J1 League,https://www.football-data.co.uk/new/JPN.csv
29/10/2023,06:00,J1 League,https://www.football-data.co.uk/new/JPN.csv
11/11/2023,05:00,J1 League,https://www.football-data.co.uk/new/JPN.csv
11/11/2023,05:00,J1 League,https://www.football-data.co.uk/new/JPN.csv
11/11/2023,05:00,J1 League,https://www.football-data.co.uk/new/JPN.csv
11/11/2023,06:00,J1 League,https://www.football-data.co.uk/new/JPN.csv
11/11/2023,06:00,J1 League,https://www.football-data.co.uk/new/JPN.csv
11/11/2023,06:00,J1 League,https://www.football-data.co.uk/new/JPN.csv
12/11/2023,05:00,J1 League,https://www.football-data.co.uk/new/JPN.csv
12/11/2023,05:00,J1 League,https://www.football-data.co.uk/new/JPN.csv
12/11/2023,06:00,J1 League,https://www.football-data.co.uk/new/JPN.csv
24/11/2023,10:00,J1 League,https://www.football-data.co.uk/new/JPN.csv
24/11/2023,10:00,J1 League,https://www.football-data.co.uk/new/JPN.csv
25/11/2023,05:00,J1 League,https://www.football-data.co.uk/new/JPN.csv
25/11/2023,05:00,J1 League,https://www.football-data.co.uk/new/JPN.csv
25/11/2023,05:00,J1 League,https://www.football-data.co.uk/new/JPN.csv
25/11/2023,05:00,J1 League,https://www.football-data.co.uk/new/JPN.csv
25/11/2023,05:00,J1 League,https://www.football-data.co.uk/new/JPN.csv
25/11/2023,05:00,J1 League,https://www.football-data.co.uk/new/JPN.csv
25/11/2023,05:00,J1 League,https://www.football-data.co.uk/new/JPN.csv
03/12/2023,05:00,J1 League,https://www.football-data.co.uk/new/JPN.csv
03/12/2023,05:00,J1 League,https://www.football-data.co.uk/new/JPN.csv
03/12/2023,05:00,J1 League,https://www.football-data.co.uk/new/JPN.csv
03/12/2023,05:00,J1 League,https://www.football-data.co.uk/new/JPN.csv
03/12/2023,05:00,J1 League,https://www.football-data.co.uk/new/JPN.csv
03/12/2023,05:00,J1 League,https://www.football-data.co.uk/new/JPN.csv
03/12/2023,05:00,J1 League,https://www.football-data.co.uk/new/JPN.csv
03/12/2023,05:00,J1 League,https://www.football-data.co.uk/new/JPN.csv
03/12/2023,05:45,J1 League,https://www.football-data.co.uk/new/JPN.csv
23/02/2024,05:00,J1 League,https://www.football-data.co.uk/new/JPN.csv
23/02/2024,09:00,J1 League,https://www.football-data.co.uk/new/JPN.csv
24/02/2024,04:00,J1 League,https://www.football-data.co.uk/new/JPN.csv
24/02/2024,05:00,J1 League,https://www.football-data.co.uk/new/JPN.csv
24/02/2024,05:00,J1 League,https://www.football-data.co.uk/new/JPN.csv
24/02/2024,06:00,J1 League,https://www.football-data.co.uk/new/JPN.csv
24/02/2024,06:00,J1 League,https://www.football-data.co.uk/new/JPN.csv
24/02/2024,06:00,J1 League,https://www.football-data.co.uk/new/JPN.csv
25/02/2024,05:00,J1 League,https://www.football-data.co.uk/new/JPN.csv
25/02/2024,05:00,J1 League,https://www.football-data.co.uk/new/JPN.csv
01/03/2024,10:00,J1 League,https://www.football-data.co.uk/new/JPN.csv
01/03/2024,10:00,J1 League,https://www.football-data.co.uk/new/JPN.csv
02/03/2024,04:00,J1 League,https://www.football-data.co.uk/new/JPN.csv
02/03/2024,05:00,J1 League,https://www.football-data.co.uk/new/JPN.csv
02/03/2024,05:00,J1 League,https://www.football-data.co.uk/new/JPN.csv
02/03/2024,05:00,J1 League,https://www.football-data.co.uk/new/JPN.csv
02/03/2024,06:00,J1 League,https://www.football-data.co.uk/new/JPN.csv
02/03/2024,06:00,J1 League,https://www.football-data.co.uk/new/JPN.csv
02/03/2024,06:00,J1 League,https://www.football-data.co.uk/new/JPN.csv
03/03/2024,07:00,J1 League,https://www.football-data.co.uk/new/JPN.csv
09/03/2024,05:00,J1 League,https://www.football-data.co.uk/new/JPN.csv
09/03/2024,05:00,J1 League,https://www.football-data.co.uk/new/JPN.csv
09/03/2024,05:00,J1 League,https://www.football-data.co.uk/new/JPN.csv
09/03/2024,06:00,J1 League,https://www.football-data.co.uk/new/JPN.csv
09/03/2024,06:00,J1 League,https://www.football-data.co.uk/new/JPN.csv
09/03/2024,07:00,J1 League,https://www.football-data.co.uk/new/JPN.csv
09/03/2024,07:00,J1 League,https://www.football-data.co.uk/new/JPN.csv
09/03/2024,07:00,J1 League,https://www.football-data.co.uk/new/JPN.csv
10/03/2024,04:05,J1 League,https://www.football-data.co.uk/new/JPN.csv
16/03/2024,04:00,J1 League,https://www.football-data.co.uk/new/JPN.csv
16/03/2024,05:00,J1 League,https://www.football-data.co.uk/new/JPN.csv
16/03/2024,05:00,J1 League,https://www.football-data.co.uk/new/JPN.csv
16/03/2024,06:00,J1 League,https://www.football-data.co.uk/new/JPN.csv
16/03/2024,06:00,J1 League,https://www.football-data.co.uk/new/JPN.csv
16/03/2024,06:00,J1 League,https://www.football-data.co.uk/new/JPN.csv
16/03/2024,07:00,J1 League,https://www.football-data.co.uk/new/JPN.csv
17/03/2024,05:00,J1 League,https://www.football-data.co.uk/new/JPN.csv
17/03/2024,06:00,J1 League,https://www.football-data.co.uk/new/JPN.csv
17/03/2024,06:00,J1 League,https://www.football-data.co.uk/new/JPN.csv
29/03/2024,10:00,J1 League,https://www.football-data.co.uk/new/JPN.csv
30/03/2024,04:00,J1 League,https://www.football-data.co.uk/new/JPN.csv
30/03/2024,05:00,J1 League,https://www.football-data.co.uk/new/JPN.csv
30/03/2024,05:00,J1 League,https://www.football-data.co.uk/new/JPN.csv
30/03/2024,06:00,J1 League,https://www.football-data.co.uk/new/JPN.csv
30/03/2024,06:00,J1 League,https://www.football-data.co.uk/new/JPN.csv
30/03/2024,06:00,J1 League,https://www.football-data.co.uk/new/JPN.csv
30/03/2024,06:00,J1 League,https://www.football-data.co.uk/new/JPN.csv
30/03/2024,07:00,J1 League,https://www.football-data.co.uk/new/JPN.csv
30/03/2024,07:00,J1 League,https://www.football-data.co.uk/new/JPN.csv
03/04/2024,11:00,J1 League,https://www.football-data.co.uk/new/JPN.csv
03/04/2024,11:00,J1 League,https://www.football-data.co.uk/new/JPN.csv
03/04/2024,11:00,J1 League,https://www.football-data.co.uk/new/JPN.csv
03/04/2024,11:00,J1 League,https://www.football-data.co.uk/new/JPN.csv
03/04/2024,11:00,J1 League,https://www.football-data.co.uk/new/JPN.csv
03/04/2024,11:00,J1 League,https://www.football-data.co.uk/new/JPN.csv
03/04/2024,11:00,J1 League,https://www.football-data.co.uk/new/JPN.csv
03/04/2024,11:00,J1 League,https://www.football-data.co.uk/new/JPN.csv
03/04/2024,11:30,J1 League,https://www.football-data.co.uk/new/JPN.csv
03/04/2024,11:30,J1 League,https://www.football-data.co.uk/new/JPN.csv
06/04/2024,06:00,J1 League,https://www.football-data.co.uk/new/JPN.csv
07/04/2024,05:00,J1 League,https://www.football-data.co.uk/new/JPN.csv
07/04/2024,06:00,J1 League,https://www.football-data.co.uk/new/JPN.csv
07/04/2024,06:00,J1 League,https://www.football-data.co.uk/new/JPN.csv
07/04/2024,06:00,J1 League,https://www.football-data.co.uk/new/JPN.csv
07/04/2024,06:00,J1 League,https://www.football-data.co.uk/new/JPN.csv
07/04/2024,07:00,J1 League,https://www.football-data.co.uk/new/JPN.csv
07/04/2024,07:00,J1 League,https://www.football-data.co.uk/new/JPN.csv
07/04/2024,07:00,J1 League,https://www.football-data.co.uk/new/JPN.csv
07/04/2024,09:00,J1 League,https://www.football-data.co.uk/new/JPN.csv
10/04/2024,11:00,J1 League,https://www.football-data.co.uk/new/JPN.csv
12/04/2024,11:00,J1 League,https://www.football-data.co.uk/new/JPN.csv
13/04/2024,06:00,J1 League,https://www.football-data.co.uk/new/JPN.csv
13/04/2024,06:00,J1 League,https://www.football-data.co.uk/new/JPN.csv
13/04/2024,06:00,J1 League,https://www.football-data.co.uk/new/JPN.csv
13/04/2024,06:00,J1 League,https://www.football-data.co.uk/new/JPN.csv
13/04/2024,07:00,J1 League,https://www.football-data.co.uk/new/JPN.csv
13/04/2024,07:00,J1 League,https://www.football-data.co.uk/new/JPN.csv
13/04/2024,07:00,J1 League,https://www.football-data.co.uk/new/JPN.csv
13/04/2024,08:00,J1 League,https://www.football-data.co.uk/new/JPN.csv
14/04/2024,07:00,J1 League,https://www.football-data.co.uk/new/JPN.csv
20/04/2024,06:00,J1 League,https://www.football-data.co.uk/new/JPN.csv
20/04/2024,06:00,J1 League,https://www.football-data.co.uk/new/JPN.csv
20/04/2024,06:00,J1 League,https://www.football-data.co.uk/new/JPN.csv
20/04/2024,07:00,J1 League,https://www.football-data.co.uk/new/JPN.csv
20/04/2024,07:00,J1 League,https://www.football-data.co.uk/new/JPN.csv
20/04/2024,08:00,J1 League,https://www.football-data.co.uk/new/JPN.csv
20/04/2024,08:00,J1 League,https://www.football-data.co.uk/new/JPN.csv
21/04/2024,07:00,J1 League,https://www.football-data.co.uk/new/JPN.csv
21/04/2024,07:00,J1 League,https://www.football-data.co.uk/new/JPN.csv
27/04/2024,05:00,J1 League,https://www.football-data.co.uk/new/JPN.csv
27/04/2024,06:00,J1 League,https://www.football-data.co.uk/new/JPN.csv
27/04/2024,06:00,J1 League,https://www.football-data.co.uk/new/JPN.csv
27/04/2024,06:00,J1 League,https://www.football-data.co.uk/new/JPN.csv
27/04/2024,07:00,J1 League,https://www.football-data.co.uk/new/JPN.csv
28/04/2024,06:00,J1 League,https://www.football-data.co.uk/new/JPN.csv
28/04/2024,06:00,J1 League,https://www.football-data.co.uk/new/JPN.csv
28/04/2024,07:00,J1 League,https://www.football-data.co.uk/new/JPN.csv
28/04/2024,07:00,J1 League,https://www.football-data.co.uk/new/JPN.csv
28/04/2024,07:00,J1 League,https://www.football-data.co.uk/new/JPN.csv
03/05/2024,06:00,J1 League,https://www.football-data.co.uk/new/JPN.csv
03/05/2024,06:00,J1 League,https://www.football-data.co.uk/new/JPN.csv
03/05/2024,07:00,J1 League,https://www.football-data.co.uk/new/JPN.csv
03/05/2024,07:00,J1 League,https://www.football-data.co.uk/new/JPN.csv
03/05/2024,07:00,J1 League,https://www.football-data.co.uk/new/JPN.csv
03/05/2024,07:00,J1 League,https://www.football-data.co.uk/new/JPN.csv
03/05/2024,07:00,J1 League,https://www.football-data.co.uk/new/JPN.csv
03/05/2024,08:00,J1 League,https://www.football-data.co.uk/new/JPN.csv
03/05/2024,08:00,J1 League,https://www.football-data.co.uk/new/JPN.csv
03/05/2024,11:00,J1 League,https://www.football-data.co.uk/new/JPN.csv
06/05/2024,05:00,J1 League,https://www.football-data.co.uk/new/JPN.csv
06/05/2024,05:00,J1 League,https://www.football-data.co.uk/new/JPN.csv
06/05/2024,05:05,J1 League,https://www.football-data.co.uk/new/JPN.csv
06/05/2024,06:00,J1 League,https://www.football-data.co.uk/new/JPN.csv
06/05/2024,06:00,J1 League,https://www.football-data.co.uk/new/JPN.csv
06/05/2024,06:00,J1 League,https://www.football-data.co.uk/new/JPN.csv
06/05/2024,07:00,J1 League,https://www.football-data.co.uk/new/JPN.csv
06/05/2024,08:00,J1 League,https://www.football-data.co.uk/new/JPN.csv
06/05/2024,08:00,J1 League,https://www.football-data.co.uk/new/JPN.csv
06/05/2024,09:00,J1 League,https://www.football-data.co.uk/new/JPN.csv
11/05/2024,06:00,J1 League,https://www.football-data.co.uk/new/JPN.csv
11/05/2024,06:00,J1 League,https://www.football-data.co.uk/new/JPN.csv
11/05/2024,06:00,J1 League,https://www.football-data.co.uk/new/JPN.csv
11/05/2024,07:00,J1 League,https://www.football-data.co.uk/new/JPN.csv
11/05/2024,07:00,J1 League,https://www.football-data.co.uk/new/JPN.csv
11/05/2024,08:00,J1 League,https://www.football-data.co.uk/new/JPN.csv
11/05/2024,08:00,J1 League,https://www.football-data.co.uk/new/JPN.csv
11/05/2024,09:00,J1 League,https://www.football-data.co.uk/new/JPN.csv
12/05/2024,05:05,J1 League,https://www.football-data.co.uk/new/JPN.csv
15/05/2024,11:00,J1 League,https://www.football-data.co.uk/new/JPN.csv
15/05/2024,11:00,J1 League,https://www.football-data.co.uk/new/JPN.csv
15/05/2024,11:00,J1 League,https://www.football-data.co.uk/new/JPN.csv
15/05/2024,11:00,J1 League,https://www.football-data.co.uk/new/JPN.csv
15/05/2024,11:00,J1 League,https://www.football-data.co.uk/new/JPN.csv
15/05/2024,11:00,J1 League,https://www.football-data.co.uk/new/JPN.csv
15/05/2024,11:00,J1 League,https://www.football-data.co.uk/new/JPN.csv
15/05/2024,11:00,J1 League,https://www.football-data.co.uk/new/JPN.csv
15/05/2024,11:00,J1 League,https://www.football-data.co.uk/new/JPN.csv
15/05/2024,11:30,J1 League,https://www.football-data.co.uk/new/JPN.csv
18/05/2024,08:00,J1 League,https://www.football-data.co.uk/new/JPN.csv
18/05/2024,11:00,J1 League,https://www.football-data.co.uk/new/JPN.csv
19/05/2024,06:00,J1 League,https://www.football-data.co.uk/new/JPN.csv
19/05/2024,06:00,J1 League,https://www.football-data.co.uk/new/JPN.csv
19/05/2024,06:00,J1 League,https://www.football-data.co.uk/new/JPN.csv
19/05/2024,07:00,J1 League,https://www.football-data.co.uk/new/JPN.csv
19/05/2024,07:00,J1 League,https://www.football-data.co.uk/new/JPN.csv
19/05/2024,07:00,J1 League,https://www.football-data.co.uk/new/JPN.csv
19/05/2024,08:00,J1 League,https://www.football-data.co.uk/new/JPN.csv
19/05/2024,08:00,J1 League,https://www.football-data.co.uk/new/JPN.csv
25/05/2024,06:00,J1 League,https://www.football-data.co.uk/new/JPN.csv
25/05/2024,06:00,J1 League,https://www.football-data.co.uk/new/JPN.csv
25/05/2024,08:00,J1 League,https://www.football-data.co.uk/new/JPN.csv
25/05/2024,08:00,J1 League,https://www.football-data.co.uk/new/JPN.csv
26/05/2024,06:00,J1 League,https://www.football-data.co.uk/new/JPN.csv
26/05/2024,07:00,J1 League,https://www.football-data.co.uk/new/JPN.csv
26/05/2024,07:00,J1 League,https://www.football-data.co.uk/new/JPN.csv
26/05/2024,07:00,J1 League,https://www.football-data.co.uk/new/JPN.csv
26/05/2024,08:00,J1 League,https://www.football-data.co.uk/new/JPN.csv
29/05/2024,11:00,J1 League,https://www.football-data.co.uk/new/JPN.csv
31/05/2024,11:00,J1 League,https://www.football-data.co.uk/new/JPN.csv
01/06/2024,06:00,J1 League,https://www.football-data.co.uk/new/JPN.csv
01/06/2024,07:00,J1 League,https://www.football-data.co.uk/new/JPN.csv
01/06/2024,07:00,J1 League,https://www.football-data.co.uk/new/JPN.csv
01/06/2024,07:00,J1 League,https://www.football-data.co.uk/new/JPN.csv
01/06/2024,08:00,J1 League,https://www.football-data.co.uk/new/JPN.csv
01/06/2024,11:00,J1 League,https://www.football-data.co.uk/new/JPN.csv
02/06/2024,05:05,J1 League,https://www.football-data.co.uk/new/JPN.csv
02/06/2024,09:00,J1 League,https://www.football-data.co.uk/new/JPN.csv
02/06/2024,11:00,J1 League,https://www.football-data.co.uk/new/JPN.csv
15/06/2024,08:00,J1 League,https://www.football-data.co.uk/new/JPN.csv
15/06/2024,10:30,J1 League,https://www.football-data.co.uk/new/JPN.csv
15/06/2024,11:00,J1 League,https://www.football-data.co.uk/new/JPN.csv
15/06/2024,11:00,J1 League,https://www.football-data.co.uk/new/JPN.csv
16/06/2024,06:00,J1 League,https://www.football-data.co.uk/new/JPN.csv
16/06/2024,07:30,J1 League,https://www.football-data.co.uk/new/JPN.csv
16/06/2024,10:00,J1 League,https://www.football-data.co.uk/new/JPN.csv
16/06/2024,10:00,J1 League,https://www.football-data.co.uk/new/JPN.csv
16/06/2024,10:00,J1 League,https://www.football-data.co.uk/new/JPN.csv
16/06/2024,10:00,J1 League,https://www.football-data.co.uk/new/JPN.csv
19/06/2024,11:00,J1 League,https://www.football-data.co.uk/new/JPN.csv
22/06/2024,07:00,J1 League,https://www.football-data.co.uk/new/JPN.csv
22/06/2024,10:00,J1 League,https://www.football-data.co.uk/new/JPN.csv
22/06/2024,10:00,J1 League,https://www.football-data.co.uk/new/JPN.csv
22/06/2024,10:30,J1 League,https://www.football-data.co.uk/new/JPN.csv
22/06/2024,10:30,J1 League,https://www.football-data.co.uk/new/JPN.csv
22/06/2024,11:00,J1 League,https://www.football-data.co.uk/new/JPN.csv
22/06/2024,11:00,J1 League,https://www.football-data.co.uk/new/JPN.csv
22/06/2024,11:00,J1 League,https://www.football-data.co.uk/new/JPN.csv
22/06/2024,11:00,J1 League,https://www.football-data.co.uk/new/JPN.csv
23/06/2024,06:00,J1 League,https://www.football-data.co.uk/new/JPN.csv
26/06/2024,11:00,J1 League,https://www.football-data.co.uk/new/JPN.csv
26/06/2024,11:00,J1 League,https://www.football-data.co.uk/new/JPN.csv
26/06/2024,11:00,J1 League,https://www.football-data.co.uk/new/JPN.csv
26/06/2024,11:00,J1 League,https://www.football-data.co.uk/new/JPN.csv
26/06/2024,11:00,J1 League,https://www.football-data.co.uk/new/JPN.csv
26/06/2024,11:00,J1 League,https://www.football-data.co.uk/new/JPN.csv
26/06/2024,11:00,J1 League,https://www.football-data.co.uk/new/JPN.csv
26/06/2024,11:00,J1 League,https://www.football-data.co.uk/new/JPN.csv
26/06/2024,11:00,J1 League,https://www.football-data.co.uk/new/JPN.csv
26/06/2024,11:00,J1 League,https://www.football-data.co.uk/new/JPN.csv
29/06/2024,06:00,J1 League,https://www.football-data.co.uk/new/JPN.csv
29/06/2024,11:00,J1 League,https://www.football-data.co.uk/new/JPN.csv
29/06/2024,11:00,J1 League,https://www.football-data.co.uk/new/JPN.csv
30/06/2024,10:00,J1 League,https://www.football-data.co.uk/new/JPN.csv
30/06/2024,10:00,J1 League,https://www.football-data.co.uk/new/JPN.csv
30/06/2024,10:30,J1 League,https://www.football-data.co.uk/new/JPN.csv
30/06/2024,10:30,J1 League,https://www.football-data.co.uk/new/JPN.csv
30/06/2024,11:00,J1 League,https://www.football-data.co.uk/new/JPN.csv
30/06/2024,11:00,J1 League,https://www.football-data.co.uk/new/JPN.csv
30/06/2024,11:00,J1 League,https://www.football-data.co.uk/new/JPN.csv
03/07/2024,11:00,J1 League,https://www.football-data.co.uk/new/JPN.csv
05/07/2024,11:03,J1 League,https://www.football-data.co.uk/new/JPN.csv
06/07/2024,10:00,J1 League,https://www.football-data.co.uk/new/JPN.csv
06/07/2024,10:00,J1 League,https://www.football-data.co.uk/new/JPN.csv
06/07/2024,10:00,J1 League,https://www.football-data.co.uk/new/JPN.csv
06/07/2024,10:30,J1 League,https://www.football-data.co.uk/new/JPN.csv
06/07/2024,10:30,J1 League,https://www.football-data.co.uk/new/JPN.csv
06/07/2024,10:30,J1 League,https://www.football-data.co.uk/new/JPN.csv
06/07/2024,11:00,J1 League,https://www.football-data.co.uk/new/JPN.csv
06/07/2024,11:00,J1 League,https://www.football-data.co.uk/new/JPN.csv
07/07/2024,11:00,J1 League,https://www.football-data.co.uk/new/JPN.csv
13/07/2024,06:00,J1 League,https://www.football-data.co.uk/new/JPN.csv
13/07/2024,11:00,J1 League,https://www.football-data.co.uk/new/JPN.csv
14/07/2024,10:00,J1 League,https://www.football-data.co.uk/new/JPN.csv
14/07/2024,10:00,J1 League,https://www.football-data.co.uk/new/JPN.csv
14/07/2024,10:30,J1 League,https://www.football-data.co.uk/new/JPN.csv
14/07/2024,10:30,J1 League,https://www.football-data.co.uk/new/JPN.csv
14/07/2024,11:00,J1 League,https://www.football-data.co.uk/new/JPN.csv
14/07/2024,11:00,J1 League,https://www.football-data.co.uk/new/JPN.csv
14/07/2024,11:00,J1 League,https://www.football-data.co.uk/new/JPN.csv
14/07/2024,11:30,J1 League,https://www.football-data.co.uk/new/JPN.csv
20/07/2024,10:00,J1 League,https://www.football-data.co.uk/new/JPN.csv
20/07/2024,10:00,J1 League,https://www.football-data.co.uk/new/JPN.csv
20/07/2024,11:00,J1 League,https://www.football-data.co.uk/new/JPN.csv
20/07/2024,11:00,J1 League,https://www.football-data.co.uk/new/JPN.csv
20/07/2024,11:00,J1 League,https://www.football-data.co.uk/new/JPN.csv
20/07/2024,11:00,J1 League,https://www.football-data.co.uk/new/JPN.csv
20/07/2024,11:00,J1 League,https://www.football-data.co.uk/new/JPN.csv
20/07/2024,11:00,J1 League,https://www.football-data.co.uk/new/JPN.csv
20/07/2024,11:00,J1 League,https://www.football-data.co.uk/new/JPN.csv
21/07/2024,11:00,J1 League,https://www.football-data.co.uk/new/JPN.csv
07/08/2024,11:00,J1 League,https://www.football-data.co.uk/new/JPN.csv
07/08/2024,11:00,J1 League,https://www.football-data.co.uk/new/JPN.csv
07/08/2024,11:00,J1 League,https://www.football-data.co.uk/new/JPN.csv
07/08/2024,11:00,J1 League,https://www.football-data.co.uk/new/JPN.csv
07/08/2024,11:00,J1 League,https://www.football-data.co.uk/new/JPN.csv
07/08/2024,11:00,J1 League,https://www.football-data.co.uk/new/JPN.csv
07/08/2024,11:00,J1 League,https://www.football-data.co.uk/new/JPN.csv
07/08/2024,11:00,J1 League,https://www.football-data.co.uk/new/JPN.csv
07/08/2024,11:30,J1 League,https://www.football-data.co.uk/new/JPN.csv
10/08/2024,06:00,J1 League,https://www.football-data.co.uk/new/JPN.csv
11/08/2024,10:00,J1 League,https://www.football-data.co.uk/new/JPN.csv
11/08/2024,10:30,J1 League,https://www.football-data.co.uk/new/JPN.csv
11/08/2024,11:00,J1 League,https://www.football-data.co.uk/new/JPN.csv
11/08/2024,11:00,J1 League,https://www.football-data.co.uk/new/JPN.csv
11/08/2024,11:00,J1 League,https://www.football-data.co.uk/new/JPN.csv
11/08/2024,11:00,J1 League,https://www.football-data.co.uk/new/JPN.csv
11/08/2024,11:00,J1 League,https://www.football-data.co.uk/new/JPN.csv
11/08/2024,11:30,J1 League,https://www.football-data.co.uk/new/JPN.csv
12/08/2024,11:00,J1 League,https://www.football-data.co.uk/new/JPN.csv
16/08/2024,11:30,J1 League,https://www.football-data.co.uk/new/JPN.csv
17/08/2024,10:00,J1 League,https://www.football-data.co.uk/new/JPN.csv
17/08/2024,10:00,J1 League,https://www.football-data.co.uk/new/JPN.csv
17/08/2024,11:00,J1 League,https://www.football-data.co.uk/new/JPN.csv
17/08/2024,11:00,J1 League,https://www.football-data.co.uk/new/JPN.csv
17/08/2024,11:00,J1 League,https://www.football-data.co.uk/new/JPN.csv
17/08/2024,11:00,J1 League,https://www.football-data.co.uk/new/JPN.csv
17/08/2024,11:00,J1 League,https://www.football-data.co.uk/new/JPN.csv
17/08/2024,11:00,J1 League,https://www.football-data.co.uk/new/JPN.csv
17/08/2024,11:30,J1 League,https://www.football-data.co.uk/new/JPN.csv
24/08/2024,10:30,J1 League,https://www.football-data.co.uk/new/JPN.csv
24/08/2024,11:00,J1 League,https://www.football-data.co.uk/new/JPN.csv
24/08/2024,11:00,J1 League,https://www.football-data.co.uk/new/JPN.csv
24/08/2024,11:00,J1 League,https://www.football-data.co.uk/new/JPN.csv
25/08/2024,10:00,J1 League,https://www.football-data.co.uk/new/JPN.csv
25/08/2024,10:30,J1 League,https://www.football-data.co.uk/new/JPN.csv
25/08/2024,11:00,J1 League,https://www.football-data.co.uk/new/JPN.csv
25/08/2024,11:00,J1 League,https://www.football-data.co.uk/new/JPN.csv
25/08/2024,11:00,J1 League,https://www.football-data.co.uk/new/JPN.csv
31/08/2024,10:00,J1 League,https://www.football-data.co.uk/new/JPN.csv
31/08/2024,10:30,J1 League,https://www.football-data.co.uk/new/JPN.csv
31/08/2024,11:00,J1 League,https://www.football-data.co.uk/new/JPN.csv
31/08/2024,11:00,J1 League,https://www.football-data.co.uk/new/JPN.csv
01/09/2024,06:00,J1 League,https://www.football-data.co.uk/new/JPN.csv
01/09/2024,11:00,J1 League,https://www.football-data.co.uk/new/JPN.csv
13/09/2024,11:00,J1 League,https://www.football-data.co.uk/new/JPN.csv
13/09/2024,11:00,J1 League,https://www.football-data.co.uk/new/JPN.csv
13/09/2024,11:00,J1 League,https://www.football-data.co.uk/new/JPN.csv
14/09/2024,06:00,J1 League,https://www.football-data.co.uk/new/JPN.csv
14/09/2024,10:00,J1 League,https://www.football-data.co.uk/new/JPN.csv
14/09/2024,10:00,J1 League,https://www.football-data.co.uk/new/JPN.csv
14/09/2024,11:00,J1 League,https://www.football-data.co.uk/new/JPN.csv
14/09/2024,11:00,J1 League,https://www.football-data.co.uk/new/JPN.csv
14/09/2024,11:00,J1 League,https://www.football-data.co.uk/new/JPN.csv
14/09/2024,11:00,J1 League,https://www.football-data.co.uk/new/JPN.csv
18/09/2024,11:00,J1 League,https://www.football-data.co.uk/new/JPN.csv
21/09/2024,10:00,J1 League,https://www.football-data.co.uk/new/JPN.csv
21/09/2024,11:00,J1 League,https://www.football-data.co.uk/new/JPN.csv
21/09/2024,11:00,J1 League,https://www.football-data.co.uk/new/JPN.csv
21/09/2024,11:00,J1 League,https://www.football-data.co.uk/new/JPN.csv
22/09/2024,08:00,J1 League,https://www.football-data.co.uk/new/JPN.csv
22/09/2024,10:00,J1 League,https://www.football-data.co.uk/new/JPN.csv
22/09/2024,10:00,J1 League,https://www.football-data.co.uk/new/JPN.csv
22/09/2024,10:30,J1 League,https://www.football-data.co.uk/new/JPN.csv
22/09/2024,11:00,J1 League,https://www.football-data.co.uk/new/JPN.csv
22/09/2024,11:00,J1 League,https://www.football-data.co.uk/new/JPN.csv
27/09/2024,11:00,J1 League,https://www.football-data.co.uk/new/JPN.csv
28/09/2024,05:00,J1 League,https://www.football-data.co.uk/new/JPN.csv
28/09/2024,08:00,J1 League,https://www.football-data.co.uk/new/JPN.csv
28/09/2024,09:00,J1 League,https://www.football-data.co.uk/new/JPN.csv
28/09/2024,09:00,J1 League,https://www.football-data.co.uk/new/JPN.csv
28/09/2024,10:00,J1 League,https://www.football-data.co.uk/new/JPN.csv
28/09/2024,11:00,J1 League,https://www.football-data.co.uk/new/JPN.csv
28/09/2024,11:00,J1 League,https://www.football-data.co.uk/new/JPN.csv
28/09/2024,11:00,J1 League,https://www.football-data.co.uk/new/JPN.csv
28/09/2024,11:00,J1 League,https://www.football-data.co.uk/new/JPN.csv
02/10/2024,11:00,J1 League,https://www.football-data.co.uk/new/JPN.csv
04/10/2024,11:00,J1 League,https://www.football-data.co.uk/new/JPN.csv
05/10/2024,06:00,J1 League,https://www.football-data.co.uk/new/JPN.csv
05/10/2024,07:00,J1 League,https://www.football-data.co.uk/new/JPN.csv
05/10/2024,07:00,J1 League,https://www.football-data.co.uk/new/JPN.csv
05/10/2024,08:00,J1 League,https://www.football-data.co.uk/new/JPN.csv
05/10/2024,08:00,J1 League,https://www.football-data.co.uk/new/JPN.csv
05/10/2024,09:30,J1 League,https://www.football-data.co.uk/new/JPN.csv
06/10/2024,06:00,J1 League,https://www.football-data.co.uk/new/JPN.csv
06/10/2024,08:00,J1 League,https://www.football-data.co.uk/new/JPN.csv
06/10/2024,08:00,J1 League,https://www.football-data.co.uk/new/JPN.csv
18/10/2024,11:00,J1 League,https://www.football-data.co.uk/new/JPN.csv
18/10/2024,11:00,J1 League,https://www.football-data.co.uk/new/JPN.csv
18/10/2024,11:33,J1 League,https://www.football-data.co.uk/new/JPN.csv
19/10/2024,06:00,J1 League,https://www.football-data.co.uk/new/JPN.csv
19/10/2024,06:00,J1 League,https://www.football-data.co.uk/new/JPN.csv
19/10/2024,06:00,J1 League,https://www.football-data.co.uk/new/JPN.csv
19/10/2024,06:00,J1 League,https://www.football-data.co.uk/new/JPN.csv
19/10/2024,07:00,J1 League,https://www.football-data.co.uk/new/JPN.csv
19/10/2024,07:00,J1 League,https://www.football-data.co.uk/new/JPN.csv
19/10/2024,09:00,J1 League,https://www.football-data.co.uk/new/JPN.csv
23/10/2024,11:00,J1 League,https://www.football-data.co.uk/new/JPN.csv
23/10/2024,11:00,J1 League,https://www.football-data.co.uk/new/JPN.csv
23/10/2024,11:30,J1 League,https://www.football-data.co.uk/new/JPN.csv
30/10/2024,10:00,J1 League,https://www.football-data.co.uk/new/JPN.csv
01/11/2024,10:00,J1 League,https://www.football-data.co.uk/new/JPN.csv
01/11/2024,10:00,J1 League,https://www.football-data.co.uk/new/JPN.csv
03/11/2024,04:00,J1 League,https://www.football-data.co.uk/new/JPN.csv
03/11/2024,04:00,J1 League,https://www.football-data.co.uk/new/JPN.csv
03/11/2024,05:00,J1 League,https://www.football-data.co.uk/new/JPN.csv
03/11/2024,05:00,J1 League,https://www.football-data.co.uk/new/JPN.csv
03/11/2024,06:00,J1 League,https://www.football-data.co.uk/new/JPN.csv
09/11/2024,05:00,J1 League,https://www.football-data.co.uk/new/JPN.csv
09/11/2024,05:00,J1 League,https://www.football-data.co.uk/new/JPN.csv
09/11/2024,05:00,J1 League,https://www.football-data.co.uk/new/JPN.csv
09/11/2024,05:00,J1 League,https://www.football-data.co.uk/new/JPN.csv
09/11/2024,05:00,J1 League,https://www.football-data.co.uk/new/JPN.csv
09/11/2024,06:00,J1 League,https://www.football-data.co.uk/new/JPN.csv
09/11/2024,06:00,J1 League,https://www.football-data.co.uk/new/JPN.csv
09/11/2024,06:00,J1 League,https://www.football-data.co.uk/new/JPN.csv
10/11/2024,05:03,J1 League,https://www.football-data.co.uk/new/JPN.csv
10/11/2024,06:00,J1 League,https://www.football-data.co.uk/new/JPN.csv
16/11/2024,05:00,J1 League,https://www.football-data.co.uk/new/JPN.csv
17/11/2024,05:03,J1 League,https://www.football-data.co.uk/new/JPN.csv
22/11/2024,10:00,J1 League,https://www.football-data.co.uk/new/JPN.csv
30/11/2024,05:00,J1 League,https://www.football-data.co.uk/new/JPN.csv
30/11/2024,05:00,J1 League,https://www.football-data.co.uk/new/JPN.csv
30/11/2024,05:00,J1 League,https://www.football-data.co.uk/new/JPN.csv
30/11/2024,05:00,J1 League,https://www.football-data.co.uk/new/JPN.csv
30/11/2024,05:00,J1 League,https://www.football-data.co.uk/new/JPN.csv
30/11/2024,05:00,J1 League,https://www.football-data.co.uk/new/JPN.csv
30/11/2024,05:00,J1 League,https://www.football-data.co.uk/new/JPN.csv
30/11/2024,05:00,J1 League,https://www.football-data.co.uk/new/JPN.csv
30/11/2024,05:00,J1 League,https://www.football-data.co.uk/new/JPN.csv
01/12/2024,05:00,J1 League,https://www.football-data.co.uk/new/JPN.csv
08/12/2024,05:00,J1 League,https://www.football-data.co.uk/new/JPN.csv
08/12/2024,05:00,J1 League,https://www.football-data.co.uk/new/JPN.csv
08/12/2024,05:00,J1 League,https://www.football-data.co.uk/new/JPN.csv
08/12/2024,05:00,J1 League,https://www.football-data.co.uk/new/JPN.csv
08/12/2024,05:00,J1 League,https://www.football-data.co.uk/new/JPN.csv
08/12/2024,05:00,J1 League,https://www.football-data.co.uk/new/JPN.csv
08/12/2024,05:00,J1 League,https://www.football-data.co.uk/new/JPN.csv
08/12/2024,05:00,J1 League,https://www.football-data.co.uk/new/JPN.csv
08/12/2024,05:00,J1 League,https://www.football-data.co.uk/new/JPN.csv
08/12/2024,05:00,J1 League,https://www.football-data.co.uk/new/JPN.csv
14/02/2025,10:00,J1 League,https://www.football-data.co.uk/new/JPN.csv
15/02/2025,05:00,J1 League,https://www.football-data.co.uk/new/JPN.csv
15/02/2025,05:00,J1 League,https://www.football-data.co.uk/new/JPN.csv
15/02/2025,05:00,J1 League,https://www.football-data.co.uk/new/JPN.csv
15/02/2025,05:00,J1 League,https://www.football-data.co.uk/new/JPN.csv
15/02/2025,05:00,J1 League,https://www.football-data.co.uk/new/JPN.csv
15/02/2025,06:00,J1 League,https://www.football-data.co.uk/new/JPN.csv
15/02/2025,06:00,J1 League,https://www.football-data.co.uk/new/JPN.csv
16/02/2025,05:00,J1 League,https://www.football-data.co.uk/new/JPN.csv
16/02/2025,05:00,J1 League,https://www.football-data.co.uk/new/JPN.csv
22/02/2025,05:00,J1 League,https://www.football-data.co.uk/new/JPN.csv
22/02/2025,05:00,J1 League,https://www.football-data.co.uk/new/JPN.csv
22/02/2025,05:00,J1 League,https://www.football-data.co.uk/new/JPN.csv
22/02/2025,05:00,J1 League,https://www.football-data.co.uk/new/JPN.csv
22/02/2025,05:00,J1 League,https://www.football-data.co.uk/new/JPN.csv
22/02/2025,06:00,J1 League,https://www.football-data.co.uk/new/JPN.csv
22/02/2025,06:00,J1 League,https://www.football-data.co.uk/new/JPN.csv
22/02/2025,06:00,J1 League,https://www.football-data.co.uk/new/JPN.csv
22/02/2025,06:00,J1 League,https://www.football-data.co.uk/new/JPN.csv
23/02/2025,05:00,J1 League,https://www.football-data.co.uk/new/JPN.csv
26/02/2025,10:00,J1 League,https://www.football-data.co.uk/new/JPN.csv
26/02/2025,10:00,J1 League,https://www.football-data.co.uk/new/JPN.csv
26/02/2025,10:00,J1 League,https://www.football-data.co.uk/new/JPN.csv
26/02/2025,10:00,J1 League,https://www.football-data.co.uk/new/JPN.csv
26/02/2025,10:00,J1 League,https://www.football-data.co.uk/new/JPN.csv
26/02/2025,10:00,J1 League,https://www.football-data.co.uk/new/JPN.csv
26/02/2025,10:00,J1 League,https://www.football-data.co.uk/new/JPN.csv
26/02/2025,10:00,J1 League,https://www.football-data.co.uk/new/JPN.csv
26/02/2025,10:00,J1 League,https://www.football-data.co.uk/new/JPN.csv
26/02/2025,10:00,J1 League,https://www.football-data.co.uk/new/JPN.csv
01/03/2025,04:00,J1 League,https://www.football-data.co.uk/new/JPN.csv
01/03/2025,05:00,J1 League,https://www.football-data.co.uk/new/JPN.csv
01/03/2025,06:00,J1 League,https://www.football-data.co.uk/new/JPN.csv
01/03/2025,06:00,J1 League,https://www.football-data.co.uk/new/JPN.csv
02/03/2025,05:00,J1 League,https://www.football-data.co.uk/new/JPN.csv
02/03/2025,05:00,J1 League,https://www.football-data.co.uk/new/JPN.csv
02/03/2025,05:00,J1 League,https://www.football-data.co.uk/new/JPN.csv
02/03/2025,05:00,J1 League,https://www.football-data.co.uk/new/JPN.csv
02/03/2025,05:30,J1 League,https://www.football-data.co.uk/new/JPN.csv
02/03/2025,06:00,J1 League,https://www.football-data.co.uk/new/JPN.csv
08/03/2025,05:00,J1 League,https://www.football-data.co.uk/new/JPN.csv
08/03/2025,05:05,J1 League,https://www.football-data.co.uk/new/JPN.csv
08/03/2025,06:00,J1 League,https://www.football-data.co.uk/new/JPN.csv
08/03/2025,07:00,J1 League,https://www.football-data.co.uk/new/JPN.csv
08/03/2025,07:00,J1 League,https://www.football-data.co.uk/new/JPN.csv
08/03/2025,07:00,J1 League,https://www.football-data.co.uk/new/JPN.csv
08/03/2025,07:00,J1 League,https://www.football-data.co.uk/new/JPN.csv
09/03/2025,05:00,J1 League,https://www.football-data.co.uk/new/JPN.csv
15/03/2025,05:00,J1 League,https://www.football-data.co.uk/new/JPN.csv
15/03/2025,05:00,J1 League,https://www.football-data.co.uk/new/JPN.csv
15/03/2025,05:00,J1 League,https://www.football-data.co.uk/new/JPN.csv
15/03/2025,05:00,J1 League,https://www.football-data.co.uk/new/JPN.csv
16/03/2025,04:00,J1 League,https://www.football-data.co.uk/new/JPN.csv
16/03/2025,05:03,J1 League,https://www.football-data.co.uk/new/JPN.csv
16/03/2025,05:03,J1 League,https://www.football-data.co.uk/new/JPN.csv
16/03/2025,05:03,J1 League,https://www.football-data.co.uk/new/JPN.csv
16/03/2025,05:03,J1 League,https://www.football-data.co.uk/new/JPN.csv
16/03/2025,06:03,J1 League,https://www.football-data.co.uk/new/JPN.csv
28/03/2025,10:00,J1 League,https://www.football-data.co.uk/new/JPN.csv
29/03/2025,04:00,J1 League,https://www.football-data.co.uk/new/JPN.csv
29/03/2025,04:00,J1 League,https://www.football-data.co.uk/new/JPN.csv
29/03/2025,05:00,J1 League,https://www.football-data.co.uk/new/JPN.csv
29/03/2025,05:00,J1 League,https://www.football-data.co.uk/new/JPN.csv
29/03/2025,05:00,J1 League,https://www.football-data.co.uk/new/JPN.csv
29/03/2025,05:00,J1 League,https://www.football-data.co.uk/new/JPN.csv
29/03/2025,06:00,J1 League,https://www.football-data.co.uk/new/JPN.csv
29/03/2025,06:00,J1 League,https://www.football-data.co.uk/new/JPN.csv
29/03/2025,08:00,J1 League,https://www.football-data.co.uk/new/JPN.csv
02/04/2025,11:00,J1 League,https://www.football-data.co.uk/new/JPN.csv
02/04/2025,11:00,J1 League,https://www.football-data.co.uk/new/JPN.csv
02/04/2025,11:00,J1 League,https://www.football-data.co.uk/new/JPN.csv
02/04/2025,11:00,J1 League,https://www.football-data.co.uk/new/JPN.csv
02/04/2025,11:00,J1 League,https://www.football-data.co.uk/new/JPN.csv
02/04/2025,11:00,J1 League,https://www.football-data.co.uk/new/JPN.csv
02/04/2025,11:00,J1 League,https://www.football-data.co.uk/new/JPN.csv
02/04/2025,11:00,J1 League,https://www.football-data.co.uk/new/JPN.csv
02/04/2025,11:00,J1 League,https://www.football-data.co.uk/new/JPN.csv
02/04/2025,11:30,J1 League,https://www.football-data.co.uk/new/JPN.csv
05/04/2025,06:00,J1 League,https://www.football-data.co.uk/new/JPN.csv
06/04/2025,05:00,J1 League,https://www.football-data.co.uk/new/JPN.csv
06/04/2025,06:00,J1 League,https://www.football-data.co.uk/new/JPN.csv
06/04/2025,06:00,J1 League,https://www.football-data.co.uk/new/JPN.csv
06/04/2025,06:00,J1 League,https://www.football-data.co.uk/new/JPN.csv
06/04/2025,06:00,J1 League,https://www.football-data.co.uk/new/JPN.csv
06/04/2025,07:00,J1 League,https://www.football-data.co.uk/new/JPN.csv
06/04/2025,07:00,J1 League,https://www.football-data.co.uk/new/JPN.csv
06/04/2025,07:00,J1 League,https://www.football-data.co.uk/new/JPN.csv
06/04/2025,07:00,J1 League,https://www.football-data.co.uk/new/JPN.csv
09/04/2025,11:00,J1 League,https://www.football-data.co.uk/new/JPN.csv
11/04/2025,11:00,J1 League,https://www.football-data.co.uk/new/JPN.csv
12/04/2025,06:00,J1 League,https://www.football-data.co.uk/new/JPN.csv
12/04/2025,06:00,J1 League,https://www.football-data.co.uk/new/JPN.csv
12/04/2025,06:00,J1 League,https://www.football-data.co.uk/new/JPN.csv
12/04/2025,06:00,J1 League,https://www.football-data.co.uk/new/JPN.csv
12/04/2025,07:00,J1 League,https://www.football-data.co.uk/new/JPN.csv
12/04/2025,07:00,J1 League,https://www.football-data.co.uk/new/JPN.csv
12/04/2025,08:00,J1 League,https://www.football-data.co.uk/new/JPN.csv
13/04/2025,06:00,J1 League,https://www.football-data.co.uk/new/JPN.csv
13/04/2025,06:00,J1 League,https://www.football-data.co.uk/new/JPN.csv
16/04/2025,11:00,J1 League,https://www.football-data.co.uk/new/JPN.csv
16/04/2025,11:00,J1 League,https://www.football-data.co.uk/new/JPN.csv
16/04/2025,11:30,J1 League,https://www.football-data.co.uk/new/JPN.csv
19/04/2025,06:03,J1 League,https://www.football-data.co.uk/new/JPN.csv
20/04/2025,06:00,J1 League,https://www.football-data.co.uk/new/JPN.csv
20/04/2025,06:00,J1 League,https://www.football-data.co.uk/new/JPN.csv
20/04/2025,06:00,J1 League,https://www.football-data.co.uk/new/JPN.csv
20/04/2025,06:00,J1 League,https://www.football-data.co.uk/new/JPN.csv
20/04/2025,06:00,J1 League,https://www.football-data.co.uk/new/JPN.csv
20/04/2025,07:00,J1 League,https://www.football-data.co.uk/new/JPN.csv
20/04/2025,07:00,J1 League,https://www.football-data.co.uk/new/JPN.csv
20/04/2025,07:00,J1 League,https://www.football-data.co.uk/new/JPN.csv
20/04/2025,08:00,J1 League,https://www.football-data.co.uk/new/JPN.csv
25/04/2025,11:00,J1 League,https://www.football-data.co.uk/new/JPN.csv
25/04/2025,11:00,J1 League,https://www.football-data.co.uk/new/JPN.csv
25/04/2025,11:00,J1 League,https://www.football-data.co.uk/new/JPN.csv
25/04/2025,11:00,J1 League,https://www.football-data.co.uk/new/JPN.csv
25/04/2025,11:00,J1 League,https://www.football-data.co.uk/new/JPN.csv
25/04/2025,11:30,J1 League,https://www.football-data.co.uk/new/JPN.csv
25/04/2025,11:30,J1 League,https://www.football-data.co.uk/new/JPN.csv
26/04/2025,06:00,J1 League,https://www.football-data.co.uk/new/JPN.csv
29/04/2025,05:09,J1 League,https://www.football-data.co.uk/new/JPN.csv
29/04/2025,06:00,J1 League,https://www.football-data.co.uk/new/JPN.csv
29/04/2025,06:00,J1 League,https://www.football-data.co.uk/new/JPN.csv
29/04/2025,06:00,J1 League,https://www.football-data.co.uk/new/JPN.csv
29/04/2025,06:00,J1 League,https://www.football-data.co.uk/new/JPN.csv
29/04/2025,07:00,J1 League,https://www.football-data.co.uk/new/JPN.csv
29/04/2025,07:00,J1 League,https://www.football-data.co.uk/new/JPN.csv
29/04/2025,07:00,J1 League,https://www.football-data.co.uk/new/JPN.csv
03/05/2025,05:00,J1 League,https://www.football-data.co.uk/new/JPN.csv
03/05/2025,06:00,J1 League,https://www.football-data.co.uk/new/JPN.csv
03/05/2025,06:00,J1 League,https://www.football-data.co.uk/new/JPN.csv
03/05/2025,07:00,J1 League,https://www.football-data.co.uk/new/JPN.csv
03/05/2025,07:00,J1 League,https://www.football-data.co.uk/new/JPN.csv
03/05/2025,07:00,J1 League,https://www.football-data.co.uk/new/JPN.csv
03/05/2025,07:00,J1 League,https://www.football-data.co.uk/new/JPN.csv
03/05/2025,11:00,J1 League,https://www.football-data.co.uk/new/JPN.csv
06/05/2025,06:00,J1 League,https://www.football-data.co.uk/new/JPN.csv
06/05/2025,06:00,J1 League,https://www.football-data.co.uk/new/JPN.csv
06/05/2025,06:00,J1 League,https://www.football-data.co.uk/new/JPN.csv
06/05/2025,07:00,J1 League,https://www.football-data.co.uk/new/JPN.csv
06/05/2025,08:00,J1 League,https://www.football-data.co.uk/new/JPN.csv
06/05/2025,08:00,J1 League,https://www.football-data.co.uk/new/JPN.csv
07/05/2025,11:00,J1 League,https://www.football-data.co.uk/new/JPN.csv
07/05/2025,11:00,J1 League,https://www.football-data.co.uk/new/JPN.csv
10/05/2025,06:00,J1 League,https://www.football-data.co.uk/new/JPN.csv
10/05/2025,07:00,J1 League,https://www.football-data.co.uk/new/JPN.csv
10/05/2025,08:00,J1 League,https://www.football-data.co.uk/new/JPN.csv
11/05/2025,05:05,J1 League,https://www.football-data.co.uk/new/JPN.csv
11/05/2025,05:05,J1 League,https://www.football-data.co.uk/new/JPN.csv
11/05/2025,06:00,J1 League,https://www.football-data.co.uk/new/JPN.csv
11/05/2025,06:05,J1 League,https://www.football-data.co.uk/new/JPN.csv
11/05/2025,07:00,J1 League,https://www.football-data.co.uk/new/JPN.csv
11/05/2025,07:00,J1 League,https://www.football-data.co.uk/new/JPN.csv
11/05/2025,07:00,J1 League,https://www.football-data.co.uk/new/JPN.csv
14/05/2025,11:00,J1 League,https://www.football-data.co.uk/new/JPN.csv
14/05/2025,11:00,J1 League,https://www.football-data.co.uk/new/JPN.csv
17/05/2025,06:00,J1 League,https://www.football-data.co.uk/new/JPN.csv
17/05/2025,06:00,J1 League,https://www.football-data.co.uk/new/JPN.csv
17/05/2025,06:00,J1 League,https://www.football-data.co.uk/new/JPN.csv
17/05/2025,06:00,J1 League,https://www.football-data.co.uk/new/JPN.csv
17/05/2025,06:30,J1 League,https://www.football-data.co.uk/new/JPN.csv
17/05/2025,07:00,J1 League,https://www.football-data.co.uk/new/JPN.csv
17/05/2025,07:00,J1 League,https://www.football-data.co.uk/new/JPN.csv
17/05/2025,08:00,J1 League,https://www.football-data.co.uk/new/JPN.csv
18/05/2025,07:00,J1 League,https://www.football-data.co.uk/new/JPN.csv
18/05/2025,07:00,J1 League,https://www.football-data.co.uk/new/JPN.csv
21/05/2025,11:00,J1 League,https://www.football-data.co.uk/new/JPN.csv
21/05/2025,11:00,J1 League,https://www.football-data.co.uk/new/JPN.csv
24/05/2025,07:00,J1 League,https://www.football-data.co.uk/new/JPN.csv
24/05/2025,09:30,J1 League,https://www.football-data.co.uk/new/JPN.csv
25/05/2025,05:00,J1 League,https://www.football-data.co.uk/new/JPN.csv
25/05/2025,06:00,J1 League,https://www.football-data.co.uk/new/JPN.csv
25/05/2025,06:00,J1 League,https://www.football-data.co.uk/new/JPN.csv
25/05/2025,06:00,J1 League,https://www.football-data.co.uk/new/JPN.csv
25/05/2025,06:00,J1 League,https://www.football-data.co.uk/new/JPN.csv
25/05/2025,07:00,J1 League,https://www.football-data.co.uk/new/JPN.csv
25/05/2025,07:00,J1 League,https://www.football-data.co.uk/new/JPN.csv
25/05/2025,08:00,J1 League,https://www.football-data.co.uk/new/JPN.csv
28/05/2025,11:30,J1 League,https://www.football-data.co.uk/new/JPN.csv
31/05/2025,06:00,J1 League,https://www.football-data.co.uk/new/JPN.csv
31/05/2025,06:00,J1 League,https://www.football-data.co.uk/new/JPN.csv
31/05/2025,06:00,J1 League,https://www.football-data.co.uk/new/JPN.csv
31/05/2025,08:00,J1 League,https://www.football-data.co.uk/new/JPN.csv
31/05/2025,09:30,J1 League,https://www.football-data.co.uk/new/JPN.csv
31/05/2025,10:00,J1 League,https://www.football-data.co.uk/new/JPN.csv
31/05/2025,11:00,J1 League,https://www.football-data.co.uk/new/JPN.csv
01/06/2025,07:03,J1 League,https://www.football-data.co.uk/new/JPN.csv
01/06/2025,07:03,J1 League,https://www.football-data.co.uk/new/JPN.csv
01/06/2025,08:04,J1 League,https://www.football-data.co.uk/new/JPN.csv
14/06/2025,09:30,J1 League,https://www.football-data.co.uk/new/JPN.csv
14/06/2025,10:00,J1 League,https://www.football-data.co.uk/new/JPN.csv
14/06/2025,10:00,J1 League,https://www.football-data.co.uk/new/JPN.csv
14/06/2025,11:00,J1 League,https://www.football-data.co.uk/new/JPN.csv
15/06/2025,06:00,J1 League,https://www.football-data.co.uk/new/JPN.csv
15/06/2025,10:00,J1 League,https://www.football-data.co.uk/new/JPN.csv
15/06/2025,10:00,J1 League,https://www.football-data.co.uk/new/JPN.csv
15/06/2025,10:00,J1 League,https://www.football-data.co.uk/new/JPN.csv
15/06/2025,10:30,J1 League,https://www.football-data.co.uk/new/JPN.csv
21/06/2025,08:00,J1 League,https://www.football-data.co.uk/new/JPN.csv
21/06/2025,08:00,J1 League,https://www.football-data.co.uk/new/JPN.csv
21/06/2025,10:30,J1 League,https://www.football-data.co.uk/new/JPN.csv
21/06/2025,11:00,J1 League,https://www.football-data.co.uk/new/JPN.csv
21/06/2025,11:00,J1 League,https://www.football-data.co.uk/new/JPN.csv
21/06/2025,11:00,J1 League,https://www.football-data.co.uk/new/JPN.csv
21/06/2025,11:00,J1 League,https://www.football-data.co.uk/new/JPN.csv
22/06/2025,10:00,J1 League,https://www.football-data.co.uk/new/JPN.csv
22/06/2025,10:30,J1 League,https://www.football-data.co.uk/new/JPN.csv
25/06/2025,11:00,J1 League,https://www.football-data.co.uk/new/JPN.csv
25/06/2025,11:30,J1 League,https://www.football-data.co.uk/new/JPN.csv
28/06/2025,10:00,J1 League,https://www.football-data.co.uk/new/JPN.csv
28/06/2025,10:30,J1 League,https://www.football-data.co.uk/new/JPN.csv
28/06/2025,11:00,J1 League,https://www.football-data.co.uk/new/JPN.csv
28/06/2025,11:00,J1 League,https://www.football-data.co.uk/new/JPN.csv
28/06/2025,11:00,J1 League,https://www.football-data.co.uk/new/JPN.csv
28/06/2025,11:00,J1 League,https://www.football-data.co.uk/new/JPN.csv
28/06/2025,11:00,J1 League,https://www.football-data.co.uk/new/JPN.csv
29/06/2025,10:00,J1 League,https://www.football-data.co.uk/new/JPN.csv
29/06/2025,10:00,J1 League,https://www.football-data.co.uk/new/JPN.csv
02/07/2025,11:00,J1 League,https://www.football-data.co.uk/new/JPN.csv
05/07/2025,10:00,J1 League,https://www.football-data.co.uk/new/JPN.csv
05/07/2025,10:55,J1 League,https://www.football-data.co.uk/new/JPN.csv
05/07/2025,11:00,J1 League,https://www.football-data.co.uk/new/JPN.csv
05/07/2025,11:00,J1 League,https://www.football-data.co.uk/new/JPN.csv
05/07/2025,11:00,J1 League,https://www.football-data.co.uk/new/JPN.csv
05/07/2025,11:00,J1 League,https://www.football-data.co.uk/new/JPN.csv
05/07/2025,11:00,J1 League,https://www.football-data.co.uk/new/JPN.csv
05/07/2025,11:00,J1 League,https://www.football-data.co.uk/new/JPN.csv
05/07/2025,11:00,J1 League,https://www.football-data.co.uk/new/JPN.csv
19/07/2025,11:00,J1 League,https://www.football-data.co.uk/new/JPN.csv
19/07/2025,11:00,J1 League,https://www.football-data.co.uk/new/JPN.csv
20/07/2025,10:00,J1 League,https://www.football-data.co.uk/new/JPN.csv
20/07/2025,10:00,J1 League,https://www.football-data.co.uk/new/JPN.csv
20/07/2025,10:30,J1 League,https://www.football-data.co.uk/new/JPN.csv
20/07/2025,11:00,J1 League,https://www.football-data.co.uk/new/JPN.csv
20/07/2025,11:00,J1 League,https://www.football-data.co.uk/new/JPN.csv
20/07/2025,11:00,J1 League,https://www.football-data.co.uk/new/JPN.csv
20/07/2025,11:00,J1 League,https://www.football-data.co.uk/new/JPN.csv
21/07/2025,10:00,J1 League,https://www.football-data.co.uk/new/JPN.csv
23/07/2025,11:30,J1 League,https://www.football-data.co.uk/new/JPN.csv
27/07/2025,11:00,J1 League,https://www.football-data.co.uk/new/JPN.csv
09/08/2025,10:00,J1 League,https://www.football-data.co.uk/new/JPN.csv
09/08/2025,10:00,J1 League,https://www.football-data.co.uk/new/JPN.csv
09/08/2025,11:00,J1 League,https://www.football-data.co.uk/new/JPN.csv
10/08/2025,10:30,J1 League,https://www.football-data.co.uk/new/JPN.csv
10/08/2025,11:00,J1 League,https://www.football-data.co.uk/new/JPN.csv
10/08/2025,11:00,J1 League,https://www.football-data.co.uk/new/JPN.csv
10/08/2025,11:00,J1 League,https://www.football-data.co.uk/new/JPN.csv
10/08/2025,11:00,J1 League,https://www.football-data.co.uk/new/JPN.csv
10/08/2025,11:00,J1 League,https://www.football-data.co.uk/new/JPN.csv
11/08/2025,11:00,J1 League,https://www.football-data.co.uk/new/JPN.csv
16/08/2025,10:00,J1 League,https://www.football-data.co.uk/new/JPN.csv
16/08/2025,10:30,J1 League,https://www.football-data.co.uk/new/JPN.csv
16/08/2025,11:00,J1 League,https://www.football-data.co.uk/new/JPN.csv
16/08/2025,11:00,J1 League,https://www.football-data.co.uk/new/JPN.csv
16/08/2025,11:00,J1 League,https://www.football-data.co.uk/new/JPN.csv
16/08/2025,11:00,J1 League,https://www.football-data.co.uk/new/JPN.csv
16/08/2025,11:00,J1 League,https://www.football-data.co.uk/new/JPN.csv
16/08/2025,11:00,J1 League,https://www.football-data.co.uk/new/JPN.csv
16/08/2025,11:00,J1 League,https://www.football-data.co.uk/new/JPN.csv
17/08/2025,10:00,J1 League,https://www.football-data.co.uk/new/JPN.csv
20/08/2025,11:00,J1 League,https://www.football-data.co.uk/new/JPN.csv
20/08/2025,11:00,J1 League,https://www.football-data.co.uk/new/JPN.csv
22/08/2025,11:00,J1 League,https://www.football-data.co.uk/new/JPN.csv
23/08/2025,10:00,J1 League,https://www.football-data.co.uk/new/JPN.csv
23/08/2025,11:00,J1 League,https://www.football-data.co.uk/new/JPN.csv
23/08/2025,11:00,J1 League,https://www.football-data.co.uk/new/JPN.csv
23/08/2025,11:00,J1 League,https://www.football-data.co.uk/new/JPN.csv
23/08/2025,11:00,J1 League,https://www.football-data.co.uk/new/JPN.csv
23/08/2025,11:00,J1 League,https://www.football-data.co.uk/new/JPN.csv
23/08/2025,11:00,J1 League,https://www.football-data.co.uk/new/JPN.csv
23/08/2025,11:30,J1 League,https://www.football-data.co.uk/new/JPN.csv
24/08/2025,11:00,J1 League,https://www.football-data.co.uk/new/JPN.csv
30/08/2025,10:00,J1 League,https://www.football-data.co.uk/new/JPN.csv
30/08/2025,11:00,J1 League,https://www.football-data.co.uk/new/JPN.csv
30/08/2025,11:00,J1 League,https://www.football-data.co.uk/new/JPN.csv
31/08/2025,10:30,J1 League,https://www.football-data.co.uk/new/JPN.csv
31/08/2025,11:00,J1 League,https://www.football-data.co.uk/new/JPN.csv
31/08/2025,11:00,J1 League,https://www.football-data.co.uk/new/JPN.csv
31/08/2025,11:00,J1 League,https://www.football-data.co.uk/new/JPN.csv
31/08/2025,11:00,J1 League,https://www.football-data.co.uk/new/JPN.csv
31/08/2025,11:00,J1 League,https://www.football-data.co.uk/new/JPN.csv
31/08/2025,11:00,J1 League,https://www.football-data.co.uk/new/JPN.csv
12/09/2025,11:00,J1 League,https://www.football-data.co.uk/new/JPN.csv
12/09/2025,11:00,J1 League,https://www.football-data.co.uk/new/JPN.csv
12/09/2025,11:00,J1 League,https://www.football-data.co.uk/new/JPN.csv
13/09/2025,10:00,J1 League,https://www.football-data.co.uk/new/JPN.csv
13/09/2025,10:55,J1 League,https://www.football-data.co.uk/new/JPN.csv
13/09/2025,11:00,J1 League,https://www.football-data.co.uk/new/JPN.csv
13/09/2025,11:00,J1 League,https://www.football-data.co.uk/new/JPN.csv
13/09/2025,11:00,J1 League,https://www.football-data.co.uk/new/JPN.csv
13/09/2025,11:00,J1 League,https://www.football-data.co.uk/new/JPN.csv
15/09/2025,11:00,J1 League,https://www.football-data.co.uk/new/JPN.csv
20/09/2025,09:00,J1 League,https://www.football-data.co.uk/new/JPN.csv
20/09/2025,10:00,J1 League,https://www.football-data.co.uk/new/JPN.csv
20/09/2025,10:00,J1 League,https://www.football-data.co.uk/new/JPN.csv
20/09/2025,10:30,J1 League,https://www.football-data.co.uk/new/JPN.csv
20/09/2025,11:00,J1 League,https://www.football-data.co.uk/new/JPN.csv
20/09/2025,11:00,J1 League,https://www.football-data.co.uk/new/JPN.csv
20/09/2025,11:00,J1 League,https://www.football-data.co.uk/new/JPN.csv
20/09/2025,11:00,J1 League,https://www.football-data.co.uk/new/JPN.csv
23/09/2025,06:00,J1 League,https://www.football-data.co.uk/new/JPN.csv
23/09/2025,10:00,J1 League,https://www.football-data.co.uk/new/JPN.csv
23/09/2025,10:00,J1 League,https://www.football-data.co.uk/new/JPN.csv
23/09/2025,10:00,J1 League,https://www.football-data.co.uk/new/JPN.csv
23/09/2025,10:00,J1 League,https://www.football-data.co.uk/new/JPN.csv
23/09/2025,11:00,J1 League,https://www.football-data.co.uk/new/JPN.csv
23/09/2025,11:00,J1 League,https://www.football-data.co.uk/new/JPN.csv
23/09/2025,11:00,J1 League,https://www.football-data.co.uk/new/JPN.csv
23/09/2025,11:00,J1 League,https://www.football-data.co.uk/new/JPN.csv
23/09/2025,11:00,J1 League,https://www.football-data.co.uk/new/JPN.csv
27/09/2025,08:00,J1 League,https://www.football-data.co.uk/new/JPN.csv
27/09/2025,09:00,J1 League,https://www.football-data.co.uk/new/JPN.csv
27/09/2025,09:00,J1 League,https://www.football-data.co.uk/new/JPN.csv
27/09/2025,10:00,J1 League,https://www.football-data.co.uk/new/JPN.csv
27/09/2025,10:00,J1 League,https://www.football-data.co.uk/new/JPN.csv
27/09/2025,11:00,J1 League,https://www.football-data.co.uk/new/JPN.csv
28/09/2025,09:00,J1 League,https://www.football-data.co.uk/new/JPN.csv
28/09/2025,10:00,J1 League,https://www.football-data.co.uk/new/JPN.csv
28/09/2025,10:30,J1 League,https://www.football-data.co.uk/new/JPN.csv
28/09/2025,11:00,J1 League,https://www.football-data.co.uk/new/JPN.csv
03/10/2025,11:00,J1 League,https://www.football-data.co.uk/new/JPN.csv
04/10/2025,05:00,J1 League,https://www.football-data.co.uk/new/JPN.csv
04/10/2025,05:30,J1 League,https://www.football-data.co.uk/new/JPN.csv
04/10/2025,06:00,J1 League,https://www.football-data.co.uk/new/JPN.csv
04/10/2025,07:00,J1 League,https://www.football-data.co.uk/new/JPN.csv
04/10/2025,08:00,J1 League,https://www.football-data.co.uk/new/JPN.csv
04/10/2025,09:00,J1 League,https://www.football-data.co.uk/new/JPN.csv
04/10/2025,09:30,J1 League,https://www.football-data.co.uk/new/JPN.csv
04/10/2025,11:00,J1 League,https://www.football-data.co.uk/new/JPN.csv
05/10/2025,07:00,J1 League,https://www.football-data.co.uk/new/JPN.csv
17/10/2025,11:00,J1 League,https://www.football-data.co.uk/new/JPN.csv
17/10/2025,11:00,J1 League,https://www.football-data.co.uk/new/JPN.csv
18/10/2025,06:00,J1 League,https://www.football-data.co.uk/new/JPN.csv
18/10/2025,06:00,J1 League,https://www.football-data.co.uk/new/JPN.csv
18/10/2025,06:00,J1 League,https://www.football-data.co.uk/new/JPN.csv
18/10/2025,06:00,J1 League,https://www.football-data.co.uk/new/JPN.csv
18/10/2025,06:00,J1 League,https://www.football-data.co.uk/new/JPN.csv
18/10/2025,06:00,J1 League,https://www.football-data.co.uk/new/JPN.csv
18/10/2025,06:00,J1 League,https://www.football-data.co.uk/new/JPN.csv
19/10/2025,07:00,J1 League,https://www.football-data.co.uk/new/JPN.csv
25/10/2025,06:00,J1 League,https://www.football-data.co.uk/new/JPN.csv
25/10/2025,06:00,J1 League,https://www.football-data.co.uk/new/JPN.csv
25/10/2025,06:00,J1 League,https://www.football-data.co.uk/new/JPN.csv
25/10/2025,06:00,J1 League,https://www.football-data.co.uk/new/JPN.csv
25/10/2025,06:00,J1 League,https://www.football-data.co.uk/new/JPN.csv
25/10/2025,06:00,J1 League,https://www.football-data.co.uk/new/JPN.csv
25/10/2025,06:00,J1 League,https://www.football-data.co.uk/new/JPN.csv
25/10/2025,07:00,J1 League,https://www.football-data.co.uk/new/JPN.csv
26/10/2025,05:00,J1 League,https://www.football-data.co.uk/new/JPN.csv
26/10/2025,05:40,J1 League,https://www.football-data.co.uk/new/JPN.csv
08/11/2025,05:00,J1 League,https://www.football-data.co.uk/new/JPN.csv
08/11/2025,05:00,J1 League,https://www.football-data.co.uk/new/JPN.csv
08/11/2025,06:00,J1 League,https://www.football-data.co.uk/new/JPN.csv
08/11/2025,06:00,J1 League,https://www.football-data.co.uk/new/JPN.csv
08/11/2025,07:00,J1 League,https://www.football-data.co.uk/new/JPN.csv
09/11/2025,04:01,J1 League,https://www.football-data.co.uk/new/JPN.csv
09/11/2025,05:03,J1 League,https://www.football-data.co.uk/new/JPN.csv
09/11/2025,05:03,J1 League,https://www.football-data.co.uk/new/JPN.csv
09/11/2025,06:00,J1 League,https://www.football-data.co.uk/new/JPN.csv
09/11/2025,06:00,J1 League,https://www.football-data.co.uk/new/JPN.csv
30/11/2025,05:00,J1 League,https://www.football-data.co.uk/new/JPN.csv
30/11/2025,05:00,J1 League,https://www.football-data.co.uk/new/JPN.csv
30/11/2025,05:00,J1 League,https://www.football-data.co.uk/new/JPN.csv
30/11/2025,05:00,J1 League,https://www.football-data.co.uk/new/JPN.csv
30/11/2025,05:00,J1 League,https://www.football-data.co.uk/new/JPN.csv
30/11/2025,05:00,J1 League,https://www.football-data.co.uk/new/JPN.csv
30/11/2025,05:00,J1 League,https://www.football-data.co.uk/new/JPN.csv
30/11/2025,05:00,J1 League,https://www.football-data.co.uk/new/JPN.csv
30/11/2025,05:00,J1 League,https://www.football-data.co.uk/new/JPN.csv
30/11/2025,05:00,J1 League,https://www.football-data.co.uk/new/JPN.csv
06/12/2025,05:00,J1 League,https://www.football-data.co.uk/new/JPN.csv
06/12/2025,05:00,J1 League,https://www.football-data.co.uk/new/JPN.csv
06/12/2025,05:00,J1 League,https://www.football-data.co.uk/new/JPN.csv
06/12/2025,05:00,J1 League,https://www.football-data.co.uk/new/JPN.csv
06/12/2025,05:00,J1 League,https://www.football-data.co.uk/new/JPN.csv
06/12/2025,05:00,J1 League,https://www.football-data.co.uk/new/JPN.csv
06/12/2025,05:00,J1 League,https://www.football-data.co.uk/new/JPN.csv
06/12/2025,05:00,J1 League,https://www.football-data.co.uk/new/JPN.csv
06/12/2025,05:00,J1 League,https://www.football-data.co.uk/new/JPN.csv
06/12/2025,05:00,J1 League,https://www.football-data.co.uk/new/JPN.csv
07/08/2026,11:25,J1 League,https://www.football-data.co.uk/new/JPN.csv
07/08/2026,11:30,J1 League,https://www.football-data.co.uk/new/JPN.csv
08/08/2026,11:00,J1 League,https://www.football-data.co.uk/new/JPN.csv
08/08/2026,11:00,J1 League,https://www.football-data.co.uk/new/JPN.csv
08/08/2026,11:00,J1 League,https://www.football-data.co.uk/new/JPN.csv
08/08/2026,11:00,J1 League,https://www.football-data.co.uk/new/JPN.csv
08/08/2026,11:00,J1 League,https://www.football-data.co.uk/new/JPN.csv
08/08/2026,11:15,J1 League,https://www.football-data.co.uk/new/JPN.csv
09/08/2026,10:00,J1 League,https://www.football-data.co.uk/new/JPN.csv
09/08/2026,11:00,J1 League,https://www.football-data.co.uk/new/JPN.csv
14/08/2026,11:00,J1 League,https://www.football-data.co.uk/new/JPN.csv
15/08/2026,10:00,J1 League,https://www.football-data.co.uk/new/JPN.csv
15/08/2026,10:00,J1 League,https://www.football-data.co.uk/new/JPN.csv
15/08/2026,10:30,J1 League,https://www.football-data.co.uk/new/JPN.csv
15/08/2026,10:55,J1 League,https://www.football-data.co.uk/new/JPN.csv
15/08/2026,11:00,J1 League,https://www.football-data.co.uk/new/JPN.csv
15/08/2026,11:00,J1 League,https://www.football-data.co.uk/new/JPN.csv
15/08/2026,11:00,J1 League,https://www.football-data.co.uk/new/JPN.csv
15/08/2026,11:00,J1 League,https://www.football-data.co.uk/new/JPN.csv
15/08/2026,11:00,J1 League,https://www.football-data.co.uk/new/JPN.csv
21/08/2026,11:00,J1 League,https://www.football-data.co.uk/new/JPN.csv
21/08/2026,11:30,J1 League,https://www.football-data.co.uk/new/JPN.csv
22/08/2026,10:00,J1 League,https://www.football-data.co.uk/new/JPN.csv
22/08/2026,10:30,J1 League,https://www.football-data.co.uk/new/JPN.csv
22/08/2026,11:00,J1 League,https://www.football-data.co.uk/new/JPN.csv
22/08/2026,11:00,J1 League,https://www.football-data.co.uk/new/JPN.csv
22/08/2026,11:00,J1 League,https://www.football-data.co.uk/new/JPN.csv
22/08/2026,11:15,J1 League,https://www.football-data.co.uk/new/JPN.csv
22/08/2026,11:30,J1 League,https://www.football-data.co.uk/new/JPN.csv
23/08/2026,11:30,J1 League,https://www.football-data.co.uk/new/JPN.csv
29/08/2026,10:00,J1 League,https://www.football-data.co.uk/new/JPN.csv
29/08/2026,10:00,J1 League,https://www.football-data.co.uk/new/JPN.csv
29/08/2026,10:30,J1 League,https://www.football-data.co.uk/new/JPN.csv
29/08/2026,10:30,J1 League,https://www.football-data.co.uk/new/JPN.csv
29/08/2026,11:00,J1 League,https://www.football-data.co.uk/new/JPN.csv
29/08/2026,11:00,J1 League,https://www.football-data.co.uk/new/JPN.csv
29/08/2026,11:00,J1 League,https://www.football-data.co.uk/new/JPN.csv
29/08/2026,11:00,J1 League,https://www.football-data.co.uk/new/JPN.csv
29/08/2026,11:00,J1 League,https://www.football-data.co.uk/new/JPN.csv
29/08/2026,11:00,J1 League,https://www.football-data.co.uk/new/JPN.csv
02/09/2026,11:00,J1 League,https://www.football-data.co.uk/new/JPN.csv
02/09/2026,11:00,J1 League,https://www.football-data.co.uk/new/JPN.csv
02/09/2026,11:00,J1 League,https://www.football-data.co.uk/new/JPN.csv
02/09/2026,11:00,J1 League,https://www.football-data.co.uk/new/JPN.csv
02/09/2026,11:00,J1 League,https://www.football-data.co.uk/new/JPN.csv
02/09/2026,11:00,J1 League,https://www.football-data.co.uk/new/JPN.csv
02/09/2026,11:00,J1 League,https://www.football-data.co.uk/new/JPN.csv
02/09/2026,11:00,J1 League,https://www.football-data.co.uk/new/JPN.csv
02/09/2026,11:00,J1 League,https://www.football-data.co.uk/new/JPN.csv
02/09/2026,11:00,J1 League,https://www.football-data.co.uk/new/JPN.csv
05/09/2026,11:00,J1 League,https://www.football-data.co.uk/new/JPN.csv
06/09/2026,10:00,J1 League,https://www.football-data.co.uk/new/JPN.csv
06/09/2026,10:00,J1 League,https://www.football-data.co.uk/new/JPN.csv
06/09/2026,10:00,J1 League,https://www.football-data.co.uk/new/JPN.csv
06/09/2026,10:00,J1 League,https://www.football-data.co.uk/new/JPN.csv
06/09/2026,11:00,J1 League,https://www.football-data.co.uk/new/JPN.csv
06/09/2026,11:00,J1 League,https://www.football-data.co.uk/new/JPN.csv
06/09/2026,11:00,J1 League,https://www.football-data.co.uk/new/JPN.csv
06/09/2026,11:00,J1 League,https://www.football-data.co.uk/new/JPN.csv
06/09/2026,11:30,J1 League,https://www.football-data.co.uk/new/JPN.csv
11/09/2026,11:00,J1 League,https://www.football-data.co.uk/new/JPN.csv
11/09/2026,11:00,J1 League,https://www.football-data.co.uk/new/JPN.csv
12/09/2026,10:00,J1 League,https://www.football-data.co.uk/new/JPN.csv
12/09/2026,10:30,J1 League,https://www.football-data.co.uk/new/JPN.csv
12/09/2026,11:00,J1 League,https://www.football-data.co.uk/new/JPN.csv
12/09/2026,11:00,J1 League,https://www.football-data.co.uk/new/JPN.csv
12/09/2026,11:00,J1 League,https://www.football-data.co.uk/new/JPN.csv
12/09/2026,11:00,J1 League,https://www.football-data.co.uk/new/JPN.csv
13/09/2026,10:00,J1 League,https://www.football-data.co.uk/new/JPN.csv
13/09/2026,10:30,J1 League,https://www.football-data.co.uk/new/JPN.csv
